Workbook
Name Acs: [1]Constants!$C$5
Name Acs: Constants!$C$5
Name Fsw: [1]Calculations!$B$15
Name Fsw: Calculations!$B$15
Name gm: [1]Constants!$C$4
Name gm: Constants!$C$4
Name I_Channel: [1]Calculations!$B$32
Name I_Channel: Calculations!$B$29
Name I_Channel_Design: [1]Calculations!$B$25
Name I_Channel_Design: Calculations!$B$25
Name I_Channel_Peak_No_Ilimit: [1]Calculations!$B$75
Name I_Channel_Peak_No_Ilimit: Calculations!$B$65
Name I_Channel_Peak_Select: [1]Calculations!$B$77
Name I_Channel_Peak_Select: Calculations!$B$67
Name I_Channel_Select: [1]Compensation!#REF!
Name I_Channel_Select: Compensation!#REF!
Name I12_Select: [1]Design_Converter!#REF!
Name I12_Select: Design_Converter!#REF!
Name I48_Select: [1]Design_Converter!#REF!
Name I48_Select: Design_Converter!#REF!
Name IL_Comp_Ccomp: [1]Calculations!$B$156*(10^(-9))
Name IL_Comp_Ccomp: Calculations!$B$146*(10^(-9))
Name IL_Comp_Chf: [1]Calculations!$B$158*(10^-9)
Name IL_Comp_Chf: Calculations!$B$148*(10^-9)
Name IL_Comp_Rcomp: [1]Calculations!$B$154*1000
Name IL_Comp_Rcomp: Calculations!$B$144*1000
Name ISETA_Max: Constants!$C$46
Name Lm: [1]Calculations!$B$43*(10^-6)
Name Lm: Calculations!$B$38*(10^-6)
Name Lm_DCR: [1]Design_Converter!$B$39/(1000)
Name Lm_DCR: Design_Converter!$B$38/(1000)
Name np: [1]Calculations!$B$24
Name np: Calculations!$B$24
Name np_select: [1]Compensation!#REF!
Name np_select: Compensation!#REF!
Name Ramp_C: [1]Design_Converter!#REF!*(10^(-9))
Name Ramp_C: Design_Converter!$B$62*(10^(-9))
Name Ramp_R: [1]Design_Converter!#REF!*1000
Name Ramp_R: Design_Converter!$B$64*1000
Name Rcs: [1]Calculations!$B$31/1000
Name Rcs: Calculations!$B$28/1000
Name Schematic: INDIRECT(#REF!)
Name Schematic: INDIRECT(Schematic!$A$2)
Name schematic_1: #REF!
Name schematic_1: Schematic!$B$4
Name V12_Max: [1]Calculations!$B$13
Name V12_Max: Calculations!$B$13
Name V12_Min: [1]Calculations!$B$11
Name V12_Min: Calculations!$B$11
Name V12_Nom: [1]Calculations!$B$12
Name V12_Nom: Calculations!$B$12
Name V12_Select: [1]Compensation!#REF!
Name V12_Select: Compensation!#REF!
Name V12_Vripple: [1]Design_Converter!#REF!
Name V12_Vripple: Design_Converter!#REF!
Name V48_Max: [1]Calculations!$B$9
Name V48_Max: Calculations!$B$9
Name V48_Min: [1]Calculations!$B$7
Name V48_Min: Calculations!$B$7
Name V48_Nom: [1]Calculations!$B$8

Sheet Design_Converter
A1: LM5170 Bi-Directional DC/DC Converter Design Tool
C5: User Input | G5: ABOUT | R5: Terms of Use
A8: 1. Design Parameters
A10: High Voltage Input Parameters | G10: Typical Application Schematic
A11: HV Port Minimum Voltage | B11: 30 | C11: V
A12: HV Port Nominal Voltage | B12: 50 | C12: V
A13: HV Port Maximum Voltage | B13: 85 | C13: V
A15: Low Voltage Rail Parameters
A16: LV Port Minimum Voltage | B16: 18.5 | C16: V
A17: LV Port Nominal Voltage | B17: 20 | C17: V
A18: LV Port Maximum Voltage | B18: 26 | C18: V
A20: Switching Frequency
A21: Selected Switching Frequency | B21: 400 | C21: kHz
A22: Oscillator Set Resistor (ROSC) | B22: =Calculations!B16 -> 10 | C22: kΩ
A24: Current Range/ Number of Phases
A25: Total Number of Phases | B25: 2
A26: Total Low Voltage Rail Current | B26: 45 | C26: A
A27: Calculated Sense Resistor (RCS1, RCS2) | B27: =Calculations!B27 -> 2.2222222 | C27: mΩ
A28: Selected Sense Resistor (RCS1, RCS2) | B28: 1 | C28: mΩ
A29: Maximum Average Inductor Current Per Channel | B29: =VCS_Max/Rcs -> 50 | C29: A
A30: Maximum Low Voltage Rail Current | B30: =Calculations!B31 -> 100 | C30: A
A32: 2. Inductor Selection
A34: Inductor Selection
A35: Peak-to-Peak Ripple Ratio | B35: 30.6 | C35: %
A36: Calculated Inductance Value | B36: =Calculations!B37 -> 5.5534196 | C36: uH
A37: Selected Inductance Value (LM1,LM2) | B37: 4.7 | C37: uH
A38: Inductor DCR | B38: 2.4 | C38: mΩ
A39: Maximum Inductor Peak Current | B39: =I_Channel_Peak_No_Ilimit -> 26.567584 | C39: A
A41: 3. Inductor Current Limiting
A43: Inductor Peak Current Limit
A44: Current Limit Margin Above Maximum Inductor Current | B44: 10 | C44: %
A45: Selected Inductor Peak Current Limit | B45: =I_Channel_Peak_Select -> 29.224343 | C45: A
A46: Calculated IPK Resistor (RIPK) | B46: =Calculations!B68 -> 26.567584 | C46: kΩ
A47: Selected IPK Resistor (RIPK) | B47: 26 | C47: kΩ
A48: Actual Inductor Peak Current Limit | B48: =Calculations!B70 -> 28.6 | C48: A
A50: 4. Output Capacitance
A52: Low Voltage Port
A53: Selected Low Voltage Port Capacitance (COUT_LV) | B53: 937.6 | C53: uF
A54: Low Voltage Capacitance ESR | B54: 112 | C54: mΩ
A55: High Voltage Port
A56: Selected High Voltage Port Capacitance (COUT_HV) | B56: 705 | C56: uF
A57: High Voltage Capacitance ESR | B57: 30 | C57: mΩ
A59: 5. RAMP Selection
A61: Ramp Component Selection | P61: DCM Boundary
A62: Selected RAMP Capacitor (CRAMP1, CRAMP2) | B62: 1 | C62: nF
A63: Calculated RAMP Resistor (RRAMP1, RRAMP2) | B63: =Calculations!B76 -> 24 | C63: kΩ
A64: Selected RAMP Resistor (RRAMP1, RRAMP2) | B64: 24 | C64: kΩ
A65: RAMP Peak Voltage at HV Port Minimum | B65: =Calculations!B78 -> 3.125 | C65: V
A66: RAMP Peak Voltage at HV Port Nominal | B66: =Calculations!B79 -> 5.2083333 | C66: V
A67: RAMP Peak Voltage at HV Port Maximum | B67: =Calculations!B80 -> 8.8541667 | C67: V
A69: 5. Soft-Start
A71: Soft Start Capacitor
A72: Selected Soft-Start Time | B72: 2 | C72: ms
A73: Calculated Soft-Start Capacitor (CSS) | B73: =Calculations!B84 -> 0.01 | C73: uF | P73: DCM Boundary
A74: Selected Soft-Start Capacitor (CSS) | B74: 0.01 | C74: uF
A75: Actual Soft start time | B75: =Calculations!B86 -> 2 | C75: ms
A77: 6. Overvoltage Protection
A79: OVPA
A80: High Voltage Port Over Voltage Trigger | B80: 60 | C80: V
A81: Calculated OVPA resistor (ROVPA) | B81: =Calculations!B90 -> 59.443764 | C81: kΩ
A82: Selected OVPA resistor (ROVPA) | B82: 60 | C82: kΩ
A83: Actual High Voltage Port Over Voltage Trigger | B83: =Calculations!B92 -> 59.444262 | C83: V
A84: OVPB
A85: Low Voltage Port Over Voltage Trigger | B85: 28 | C85: V
A86: Calculated OVPB resistor (ROVPB) | B86: =Calculations!B94 -> 43.191684 | C86: kΩ
A87: Selected OVPB resistor (ROVPB) | B87: 43 | C87: kΩ
A88: Actual Low Voltage Port Over Voltage Trigger | B88: =Calculations!B96 -> 28.74314 | C88: V
A90: 7. Undervoltage Protection
A92: UVLO
A93: UVLO Type Selection | B93: μC Input | F93: Normal UVLO | K93: Additional Hysteresis | Q93: Microcontroller Input
A94: Selected UVLO Release Voltage | B94: 24 | C94: V
A95: Selected Low-Side Resistor (RUVLO2) | B95: 10 | C95: kΩ
A96: Calculated High-Side Resistor (RUVLO1) | B96: =Calculations!B102 -> 86 | C96: kΩ
A97: Selected High-Side Resistor (RUVLO1) | B97: 86.6 | C97: kΩ
A98: UVLO Hysteresis Type | B98: Nomal
A99: Selected Amount of Hysteresis | B99: 2.4 | C99: V
A100: Calculated Hysteresis Resistor (RUVLO3) | B100: =Calculations!B106 -> 0.97308489 | C100: kΩ
A101: Selected Hysteresis Resistor (RUVLO3) | B101: 0.973 | C101: kΩ
A102: UVLO Hysteresis | B102: =Calculations!B108 -> 2.165 | C102: V
A103: UVLO Release Voltage Rising Edge | B103: =Calculations!B109 -> 24.15 | C103: V
A104: UVLO Latch Voltage Falling Edge | B104: =Calculations!B110 -> 21.985 | C104: V
A105: UVLO Shutdown Voltage | B105: =Calculations!B111 -> 12.075 | C105: V
A107: 8. Channel Current Monitoring
A109: IOUT1/ IOUT2
A110: Maximum VIOUT at VRCS = 50mV | B110: 3.3 | C110: V
A111: Calculated IOUT Resistor (RIOUT1, RIOUT2) | B111: =Calculations!B116 -> 12 | C111: kΩ
A112: Selected IOUT Resistor (RIOUT1, RIOUT2) | B112: 12 | C112: kΩ
A113: VIOUT at Full Load (VRCS = 50mV) | B113: =Calculations!B118 -> 3.3 | C113: V
A114: VIOUT at No Load (VRCS = 0mV) | B114: =Calculations!B119 -> 0.3 | C114: V
A115: Calculated IOUT Capacitance (CIOUT1, CIOUT2) | B115: =Calculations!B120 -> 8.3333333 | C115: nF
A116: Selected IOUT Capacitance (CIOUT1, CIOUT2) | B116: 8.2 | C116: nF
A117: Delta VIOUT at Full Load | B117: =Calculations!B123 -> 1.9737079 | C117: mV
A118: RIOUT CIOUT Corner Frequency | B118: =Calculations!B122 -> 1.6174283 | C118: kHz
A120: 9. MOSFET Dead Time Selection
A122: DT | E122: Adaptive Dead Time | I122: Programmed Dead Time
A123: Dead Time Configuration | B123: Programed
A124: Selected Programmed Dead Time | B124: 55 | C124: ns
A125: Calculated Dead Time Resistor (RDT) | B125: =Calculations!B129 -> 9.75 | C125: kΩ
A126: Selected Dead Time Resistor (RDT) | B126: 10 | C126: kΩ
A127: LO falling to HO rising Dead-Time | B127: =Calculations!B131 -> 56 | C127: ns
...

Sheet Licenses
A5: Version Number | B5: =LOOKUP(2,1/((A37:A46)<>""),(A37:A46)) -> 1.1.0
A35: Version History
A36: Version | B36: Change List Description
A37: 1.0.0 | B37: Initial Release
A38: 1.1.0 | B38: Recommended ramp resistor changed; slight change of ROVPA and ROVPB

Sheet Calculations
N2: Value V Load Current
P4: V48_Min to V12_NOM | T4: V48_Nom to V12_Nom | X4: V48_Max to V12_Nom | AB4: V12_Min to V48_Nom | AF4: V12_Nom to V48_Nom | AJ4: V12_Max to V48_Nom
D5: Spec Violation | N5: Current Sense Voltage | O5: Buck Channel Current | P5: HO Duty Cycle | Q5: LO Duty Cycle | R5: Ripple Current | S5: Peak Current | T5: HO Duty Cycle | U5: LO Duty Cycle | V5: Ripple Current | W5: Peak Current | X5: HO Duty Cycle | Y5: LO Duty Cycle | Z5: Ripple Current | AA5: Peak Current | AB5: HO Duty Cycle | AC5: LO Duty Cycle | AD5: Ripple Current | AE5: Peak Current | AF5: HO Duty Cycle | AG5: LO Duty Cycle | AH5: Ripple Current | AI5: Peak Current | AJ5: HO Duty Cycle | AK5: LO Duty Cycle | AL5: Ripple Current | AM5: Peak Current
A6: V48 Rail Selection | E6: Need to Add flags for input voltage range | N6: 0 | O6: =N6/Rcs -> 0 | P6: =IF($O6<((V48_Min-V12_Nom)*V12_Nom)/((2*Lm*Fsw)*V48_Min),SQRT((2*$O6*Lm*Fsw*V12_Nom)/(V48_Min*(V48_Min-V12_Nom))),(V12_Nom/V48_Min)) -> 0 | Q6: =IF($O6<((V48_Min-V12_Nom)*V12_Nom)/((2*Lm*Fsw)*V48_Min),SQRT((2*$O6*Lm*Fsw*V12_Nom)/(V48_Min*(V48_Min-V12_Nom)))*((V48_Min-V12_Nom)/(V12_Nom)),1-(V12_Nom/V48_Min)) -> 0 | R6: =IF($O6<((V48_Min-V12_Nom)*V12_Nom)/((2*Lm*Fsw)*V48_Min),(P6/(Fsw*Lm))*(V48_Min-V12_Nom),((P6/(Fsw*Lm))*(V48_Min-V12_Nom))) -> 0 | S6: =IF($O6<((V48_Min-V12_Nom)*V12_Nom)/((2*Lm*Fsw)*V48_Min),(P6/(Fsw*Lm))*(V48_Min-V12_Nom),(R6/2)+$O6) -> 0 | T6: =IF($O6<((V48_Nom-V12_Nom)*V12_Nom)/((2*Lm*Fsw)*V48_Nom),SQRT((2*$O6*Lm*Fsw*V12_Nom)/(V48_Nom*(V48_Nom-V12_Nom))),(V12_Nom/V48_Nom)) -> 0 | U6: =IF($O6<((V48_Nom-V12_Nom)*V12_Nom)/((2*Lm*Fsw)*V48_Nom),SQRT((2*$O6*Lm*Fsw*V12_Nom)/(V48_Nom*(V48_Nom-V12_Nom)))*((V48_Nom-V12_Nom)/(V12_Nom)),1-(V12_Nom/V48_Nom)) -> 0 | V6: =IF($O6<((V48_Nom-V12_Nom)*V12_Nom)/((2*Lm*Fsw)*V48_Nom),(T6/(Fsw*Lm))*(V48_Nom-V12_Nom),((T6/(Fsw*Lm))*(V48_Nom-V12_Nom))) -> 0 | W6: =IF($O6<((V48_Nom-V12_Nom)*V12_Nom)/((2*Lm*Fsw)*V48_Nom),(T6/(Fsw*Lm))*(V48_Nom-V12_Nom),(V6/2)+$O6) -> 0 | X6: =IF($O6<((V48_Max-V12_Nom)*V12_Nom)/((2*Lm*Fsw)*V48_Max),SQRT((2*$O6*Lm*Fsw*V12_Nom)/(V48_Max*(V48_Max-V12_Nom))),(V12_Nom/V48_Max)) -> 0 | Y6: =IF($O6<((V48_Max-V12_Nom)*V12_Nom)/((2*Lm*Fsw)*V48_Max),SQRT((2*$O6*Lm*Fsw*V12_Nom)/(V48_Max*(V48_Max-V12_Nom)))*((V48_Max-V12_Nom)/(V12_Nom)),1-(V12_Nom/V48_Max)) -> 0 | Z6: =IF($O6<((V48_Max-V12_Nom)*V12_Nom)/((2*Lm*Fsw)*V48_Max),(X6/(Fsw*Lm))*(V48_Max-V12_Nom),((X6/(Fsw*Lm))*(V48_Max-V12_Nom))) -> 0 | AA6: =IF($O6<((V48_Max-V12_Nom)*V12_Nom)/((2*Lm*Fsw)*V48_Max),(X6/(Fsw*Lm))*(V48_Max-V12_Nom),(Z6/2)+$O6) -> 0 | AB6: =IF($O6<((V48_Nom-V12_Min)*V12_Min)/((2*Lm*Fsw)*V48_Nom),SQRT((2*$O6*Lm*Fsw*V12_Min)/(V48_Nom*(V48_Nom-V12_Min))),(V12_Min/V48_Nom)) -> 0 | AC6: =IF($O6<((V48_Nom-V12_Min)*V12_Min)/((2*Lm*Fsw)*V48_Nom),SQRT((2*$O6*Lm*Fsw*V12_Min)/(V48_Nom*(V48_Nom-V12_Min)))*((V48_Nom-V12_Min)/(V12_Min)),1-(V12_Min/V48_Nom)) -> 0 | AD6: =IF($O6<((V48_Nom-V12_Min)*V12_Min)/((2*Lm*Fsw)*V48_Nom),(AB6/(Fsw*Lm))*(V48_Nom-V12_Min),((AB6/(Fsw*Lm))*(V48_Nom-V12_Min))) -> 0 | AE6: =IF($O6<((V48_Nom-V12_Min)*V12_Min)/((2*Lm*Fsw)*V48_Nom),(AB6/(Fsw*Lm))*(V48_Nom-V12_Min),(AD6/2)+$O6) -> 0 | AF6: =IF($O6<((V48_Nom-V12_Nom)*V12_Nom)/((2*Lm*Fsw)*V48_Nom),SQRT((2*$O6*Lm*Fsw*V12_Nom)/(V48_Nom*(V48_Nom-V12_Nom))),(V12_Nom/V48_Nom)) -> 0 | AG6: =IF($O6<((V48_Nom-V12_Nom)*V12_Nom)/((2*Lm*Fsw)*V48_Nom),SQRT((2*$O6*Lm*Fsw*V12_Nom)/(V48_Nom*(V48_Nom-V12_Nom)))*((V48_Nom-V12_Nom)/(V12_Nom)),1-(V12_Nom/V48_Nom)) -> 0 | AH6: =IF($O6<((V48_Nom-V12_Nom)*V12_Nom)/((2*Lm*Fsw)*V48_Nom),(AF6/(Fsw*Lm))*(V48_Nom-V12_Nom),((AF6/(Fsw*Lm))*(V48_Nom-V12_Nom))) -> 0 | AI6: =IF($O6<((V48_Nom-V12_Nom)*V12_Nom)/((2*Lm*Fsw)*V48_Nom),(AF6/(Fsw*Lm))*(V48_Nom-V12_Nom),(AH6/2)+$O6) -> 0 | AJ6: =IF($O6<((V48_Nom-V12_Max)*V12_Max)/((2*Lm*Fsw)*V48_Nom),SQRT((2*$O6*Lm*Fsw*V12_Max)/(V48_Nom*(V48_Nom-V12_Max))),(V12_Max/V48_Nom)) -> 0 | AK6: =IF($O6<((V48_Nom-V12_Max)*V12_Max)/((2*Lm*Fsw)*V48_Nom),SQRT((2*$O6*Lm*Fsw*V12_Max)/(V48_Nom*(V48_Nom-V12_Max)))*((V48_Nom-V12_Max)/(V12_Max)),1-(V12_Max/V48_Nom)) -> 0 | AL6: =IF($O6<((V48_Nom-V12_Max)*V12_Max)/((2*Lm*Fsw)*V48_Nom),(AJ6/(Fsw*Lm))*(V48_Nom-V12_Max),((AJ6/(Fsw*Lm))*(V48_Nom-V12_Max))) -> 0 | AM6: =IF($O6<((V48_Nom-V12_Max)*V12_Max)/((2*Lm*Fsw)*V48_Nom),(AJ6/(Fsw*Lm))*(V48_Nom-V12_Max),(AL6/2)+$O6) -> 0
A7: V48_Min | B7: =Design_Converter!B11 -> 30 | C7: V | E7: Minimum 48V Rail Voltage | J7: User Input | N7: 0.001 | O7: =N7/Rcs -> 1 | P7: =IF($O7<((V48_Min-V12_Nom)*V12_Nom)/((2*Lm*Fsw)*V48_Min),SQRT((2*$O7*Lm*Fsw*V12_Nom)/(V48_Min*(V48_Min-V12_Nom))),(V12_Nom/V48_Min)) -> 0.50066622 | Q7: =IF($O7<((V48_Min-V12_Nom)*V12_Nom)/((2*Lm*Fsw)*V48_Min),SQRT((2*$O7*Lm*Fsw*V12_Nom)/(V48_Min*(V48_Min-V12_Nom)))*((V48_Min-V12_Nom)/(V12_Nom)),1-(V12_Nom/V48_Min)) -> 0.25033311 | R7: =IF($O7<((V48_Min-V12_Nom)*V12_Nom)/((2*Lm*Fsw)*V48_Min),(P7/(Fsw*Lm))*(V48_Min-V12_Nom),((P7/(Fsw*Lm))*(V48_Min-V12_Nom))) -> 2.6631182 | S7: =IF($O7<((V48_Min-V12_Nom)*V12_Nom)/((2*Lm*Fsw)*V48_Min),(P7/(Fsw*Lm))*(V48_Min-V12_Nom),(R7/2)+$O7) -> 2.6631182 | T7: =IF($O7<((V48_Nom-V12_Nom)*V12_Nom)/((2*Lm*Fsw)*V48_Nom),SQRT((2*$O7*Lm*Fsw*V12_Nom)/(V48_Nom*(V48_Nom-V12_Nom))),(V12_Nom/V48_Nom)) -> 0.22390474 | U7: =IF($O7<((V48_Nom-V12_Nom)*V12_Nom)/((2*Lm*Fsw)*V48_Nom),SQRT((2*$O7*Lm*Fsw*V12_Nom)/(V48_Nom*(V48_Nom-V12_Nom)))*((V48_Nom-V12_Nom)/(V12_Nom)),1-(V12_Nom/V48_Nom)) -> 0.33585711 | V7: =IF($O7<((V48_Nom-V12_Nom)*V12_Nom)/((2*Lm*Fsw)*V48_Nom),(T7/(Fsw*Lm))*(V48_Nom-V12_Nom),((T7/(Fsw*Lm))*(V48_Nom-V12_Nom))) -> 3.572948 | W7: =IF($O7<((V48_Nom-V12_Nom)*V12_Nom)/((2*Lm*Fsw)*V48_Nom),(T7/(Fsw*Lm))*(V48_Nom-V12_Nom),(V7/2)+$O7) -> 3.572948 | X7: =IF($O7<((V48_Max-V12_Nom)*V12_Nom)/((2*Lm*Fsw)*V48_Max),SQRT((2*$O7*Lm*Fsw*V12_Nom)/(V48_Max*(V48_Max-V12_Nom))),(V12_Nom/V48_Max)) -> 0.11666559 | Y7: =IF($O7<((V48_Max-V12_Nom)*V12_Nom)/((2*Lm*Fsw)*V48_Max),SQRT((2*$O7*Lm*Fsw*V12_Nom)/(V48_Max*(V48_Max-V12_Nom)))*((V48_Max-V12_Nom)/(V12_Nom)),1-(V12_Nom/V48_Max)) -> 0.37916317 | Z7: =IF($O7<((V48_Max-V12_Nom)*V12_Nom)/((2*Lm*Fsw)*V48_Max),(X7/(Fsw*Lm))*(V48_Max-V12_Nom),((X7/(Fsw*Lm))*(V48_Max-V12_Nom))) -> 4.0336507 | AA7: =IF($O7<((V48_Max-V12_Nom)*V12_Nom)/((2*Lm*Fsw)*V48_Max),(X7/(Fsw*Lm))*(V48_Max-V12_Nom),(Z7/2)+$O7) -> 4.0336507 | AB7: =IF($O7<((V48_Nom-V12_Min)*V12_Min)/((2*Lm*Fsw)*V48_Nom),SQRT((2*$O7*Lm*Fsw*V12_Min)/(V48_Nom*(V48_Nom-V12_Min))),(V12_Min/V48_Nom)) -> 0.21015489 | AC7: =IF($O7<((V48_Nom-V12_Min)*V12_Min)/((2*Lm*Fsw)*V48_Nom),SQRT((2*$O7*Lm*Fsw*V12_Min)/(V48_Nom*(V48_Nom-V12_Min)))*((V48_Nom-V12_Min)/(V12_Min)),1-(V12_Min/V48_Nom)) -> 0.35783131 | AD7: =IF($O7<((V48_Nom-V12_Min)*V12_Min)/((2*Lm*Fsw)*V48_Nom),(AB7/(Fsw*Lm))*(V48_Nom-V12_Min),((AB7/(Fsw*Lm))*(V48_Nom-V12_Min))) -> 3.5212123 | AE7: =IF($O7<((V48_Nom-V12_Min)*V12_Min)/((2*Lm*Fsw)*V48_Nom),(AB7/(Fsw*Lm))*(V48_Nom-V12_Min),(AD7/2)+$O7) -> 3.5212123 | AF7: =IF($O7<((V48_Nom-V12_Nom)*V12_Nom)/((2*Lm*Fsw)*V48_Nom),SQRT((2*$O7*Lm*Fsw*V12_Nom)/(V48_Nom*(V48_Nom-V12_Nom))),(V12_Nom/V48_Nom)) -> 0.22390474 | AG7: =IF($O7<((V48_Nom-V12_Nom)*V12_Nom)/((2*Lm*Fsw)*V48_Nom),SQRT((2*$O7*Lm*Fsw*V12_Nom)/(V48_Nom*(V48_Nom-V12_Nom)))*((V48_Nom-V12_Nom)/(V12_Nom)),1-(V12_Nom/V48_Nom)) -> 0.33585711 | AH7: =IF($O7<((V48_Nom-V12_Nom)*V12_Nom)/((2*Lm*Fsw)*V48_Nom),(AF7/(Fsw*Lm))*(V48_Nom-V12_Nom),((AF7/(Fsw*Lm))*(V48_Nom-V12_Nom))) -> 3.572948 | AI7: =IF($O7<((V48_Nom-V12_Nom)*V12_Nom)/((2*Lm*Fsw)*V48_Nom),(AF7/(Fsw*Lm))*(V48_Nom-V12_Nom),(AH7/2)+$O7) -> 3.572948 | AJ7: =IF($O7<((V48_Nom-V12_Max)*V12_Max)/((2*Lm*Fsw)*V48_Nom),SQRT((2*$O7*Lm*Fsw*V12_Max)/(V48_Nom*(V48_Nom-V12_Max))),(V12_Max/V48_Nom)) -> 0.28542366 | AK7: =IF($O7<((V48_Nom-V12_Max)*V12_Max)/((2*Lm*Fsw)*V48_Nom),SQRT((2*$O7*Lm*Fsw*V12_Max)/(V48_Nom*(V48_Nom-V12_Max)))*((V48_Nom-V12_Max)/(V12_Max)),1-(V12_Max/V48_Nom)) -> 0.263468 | AL7: =IF($O7<((V48_Nom-V12_Max)*V12_Max)/((2*Lm*Fsw)*V48_Nom),(AJ7/(Fsw*Lm))*(V48_Nom-V12_Max),((AJ7/(Fsw*Lm))*(V48_Nom-V12_Max))) -> 3.6437063 | AM7: =IF($O7<((V48_Nom-V12_Max)*V12_Max)/((2*Lm*Fsw)*V48_Nom),(AJ7/(Fsw*Lm))*(V48_Nom-V12_Max),(AL7/2)+$O7) -> 3.6437063
A8: V48_Nom | B8: =Design_Converter!B12 -> 50 | C8: V | E8: Nominal 48V Rail Voltage | J8: Calculated Value | N8: 0.002 | O8: =N8/Rcs -> 2 | P8: =IF($O8<((V48_Min-V12_Nom)*V12_Nom)/((2*Lm*Fsw)*V48_Min),SQRT((2*$O8*Lm*Fsw*V12_Nom)/(V48_Min*(V48_Min-V12_Nom))),(V12_Nom/V48_Min)) -> 0.66666667 | Q8: =IF($O8<((V48_Min-V12_Nom)*V12_Nom)/((2*Lm*Fsw)*V48_Min),SQRT((2*$O8*Lm*Fsw*V12_Nom)/(V48_Min*(V48_Min-V12_Nom)))*((V48_Min-V12_Nom)/(V12_Nom)),1-(V12_Nom/V48_Min)) -> 0.33333333 | R8: =IF($O8<((V48_Min-V12_Nom)*V12_Nom)/((2*Lm*Fsw)*V48_Min),(P8/(Fsw*Lm))*(V48_Min-V12_Nom),((P8/(Fsw*Lm))*(V48_Min-V12_Nom))) -> 3.5460993 | S8: =IF($O8<((V48_Min-V12_Nom)*V12_Nom)/((2*Lm*Fsw)*V48_Min),(P8/(Fsw*Lm))*(V48_Min-V12_Nom),(R8/2)+$O8) -> 3.7730496 | T8: =IF($O8<((V48_Nom-V12_Nom)*V12_Nom)/((2*Lm*Fsw)*V48_Nom),SQRT((2*$O8*Lm*Fsw*V12_Nom)/(V48_Nom*(V48_Nom-V12_Nom))),(V12_Nom/V48_Nom)) -> 0.31664912 | U8: =IF($O8<((V48_Nom-V12_Nom)*V12_Nom)/((2*Lm*Fsw)*V48_Nom),SQRT((2*$O8*Lm*Fsw*V12_Nom)/(V48_Nom*(V48_Nom-V12_Nom)))*((V48_Nom-V12_Nom)/(V12_Nom)),1-(V12_Nom/V48_Nom)) -> 0.47497368 | V8: =IF($O8<((V48_Nom-V12_Nom)*V12_Nom)/((2*Lm*Fsw)*V48_Nom),(T8/(Fsw*Lm))*(V48_Nom-V12_Nom),((T8/(Fsw*Lm))*(V48_Nom-V12_Nom))) -> 5.0529115 | W8: =IF($O8<((V48_Nom-V12_Nom)*V12_Nom)/((2*Lm*Fsw)*V48_Nom),(T8/(Fsw*Lm))*(V48_Nom-V12_Nom),(V8/2)+$O8) -> 5.0529115 | X8: =IF($O8<((V48_Max-V12_Nom)*V12_Nom)/((2*Lm*Fsw)*V48_Max),SQRT((2*$O8*Lm*Fsw*V12_Nom)/(V48_Max*(V48_Max-V12_Nom))),(V12_Nom/V48_Max)) -> 0.16499006 | Y8: =IF($O8<((V48_Max-V12_Nom)*V12_Nom)/((2*Lm*Fsw)*V48_Max),SQRT((2*$O8*Lm*Fsw*V12_Nom)/(V48_Max*(V48_Max-V12_Nom)))*((V48_Max-V12_Nom)/(V12_Nom)),1-(V12_Nom/V48_Max)) -> 0.53621769 | Z8: =IF($O8<((V48_Max-V12_Nom)*V12_Nom)/((2*Lm*Fsw)*V48_Max),(X8/(Fsw*Lm))*(V48_Max-V12_Nom),((X8/(Fsw*Lm))*(V48_Max-V12_Nom))) -> 5.7044435 | AA8: =IF($O8<((V48_Max-V12_Nom)*V12_Nom)/((2*Lm*Fsw)*V48_Max),(X8/(Fsw*Lm))*(V48_Max-V12_Nom),(Z8/2)+$O8) -> 5.7044435 | AB8: =IF($O8<((V48_Nom-V12_Min)*V12_Min)/((2*Lm*Fsw)*V48_Nom),SQRT((2*$O8*Lm*Fsw*V12_Min)/(V48_Nom*(V48_Nom-V12_Min))),(V12_Min/V48_Nom)) -> 0.2972039 | AC8: =IF($O8<((V48_Nom-V12_Min)*V12_Min)/((2*Lm*Fsw)*V48_Nom),SQRT((2*$O8*Lm*Fsw*V12_Min)/(V48_Nom*(V48_Nom-V12_Min)))*((V48_Nom-V12_Min)/(V12_Min)),1-(V12_Min/V48_Nom)) -> 0.50604989 | AD8: =IF($O8<((V48_Nom-V12_Min)*V12_Min)/((2*Lm*Fsw)*V48_Nom),(AB8/(Fsw*Lm))*(V48_Nom-V12_Min),((AB8/(Fsw*Lm))*(V48_Nom-V12_Min))) -> 4.9797462 | AE8: =IF($O8<((V48_Nom-V12_Min)*V12_Min)/((2*Lm*Fsw)*V48_Nom),(AB8/(Fsw*Lm))*(V48_Nom-V12_Min),(AD8/2)+$O8) -> 4.9797462 | AF8: =IF($O8<((V48_Nom-V12_Nom)*V12_Nom)/((2*Lm*Fsw)*V48_Nom),SQRT((2*$O8*Lm*Fsw*V12_Nom)/(V48_Nom*(V48_Nom-V12_Nom))),(V12_Nom/V48_Nom)) -> 0.31664912 | AG8: =IF($O8<((V48_Nom-V12_Nom)*V12_Nom)/((2*Lm*Fsw)*V48_Nom),SQRT((2*$O8*Lm*Fsw*V12_Nom)/(V48_Nom*(V48_Nom-V12_Nom)))*((V48_Nom-V12_Nom)/(V12_Nom)),1-(V12_Nom/V48_Nom)) -> 0.47497368 | AH8: =IF($O8<((V48_Nom-V12_Nom)*V12_Nom)/((2*Lm*Fsw)*V48_Nom),(AF8/(Fsw*Lm))*(V48_Nom-V12_Nom),((AF8/(Fsw*Lm))*(V48_Nom-V12_Nom))) -> 5.0529115 | AI8: =IF($O8<((V48_Nom-V12_Nom)*V12_Nom)/((2*Lm*Fsw)*V48_Nom),(AF8/(Fsw*Lm))*(V48_Nom-V12_Nom),(AH8/2)+$O8) -> 5.0529115 | AJ8: =IF($O8<((V48_Nom-V12_Max)*V12_Max)/((2*Lm*Fsw)*V48_Nom),SQRT((2*$O8*Lm*Fsw*V12_Max)/(V48_Nom*(V48_Nom-V12_Max))),(V12_Max/V48_Nom)) -> 0.40365001 | AK8: =IF($O8<((V48_Nom-V12_Max)*V12_Max)/((2*Lm*Fsw)*V48_Nom),SQRT((2*$O8*Lm*Fsw*V12_Max)/(V48_Nom*(V48_Nom-V12_Max)))*((V48_Nom-V12_Max)/(V12_Max)),1-(V12_Max/V48_Nom)) -> 0.37260001 | AL8: =IF($O8<((V48_Nom-V12_Max)*V12_Max)/((2*Lm*Fsw)*V48_Nom),(AJ8/(Fsw*Lm))*(V48_Nom-V12_Max),((AJ8/(Fsw*Lm))*(V48_Nom-V12_Max))) -> 5.1529789 | AM8: =IF($O8<((V48_Nom-V12_Max)*V12_Max)/((2*Lm*Fsw)*V48_Nom),(AJ8/(Fsw*Lm))*(V48_Nom-V12_Max),(AL8/2)+$O8) -> 5.1529789
A9: V48_Max | B9: =Design_Converter!B13 -> 85 | C9: V | E9: Maximum 48V rail Voltage | J9: Spec Values | N9: 0.003 | O9: =N9/Rcs -> 3 | P9: =IF($O9<((V48_Min-V12_Nom)*V12_Nom)/((2*Lm*Fsw)*V48_Min),SQRT((2*$O9*Lm*Fsw*V12_Nom)/(V48_Min*(V48_Min-V12_Nom))),(V12_Nom/V48_Min)) -> 0.66666667 | Q9: =IF($O9<((V48_Min-V12_Nom)*V12_Nom)/((2*Lm*Fsw)*V48_Min),SQRT((2*$O9*Lm*Fsw*V12_Nom)/(V48_Min*(V48_Min-V12_Nom)))*((V48_Min-V12_Nom)/(V12_Nom)),1-(V12_Nom/V48_Min)) -> 0.33333333 | R9: =IF($O9<((V48_Min-V12_Nom)*V12_Nom)/((2*Lm*Fsw)*V48_Min),(P9/(Fsw*Lm))*(V48_Min-V12_Nom),((P9/(Fsw*Lm))*(V48_Min-V12_Nom))) -> 3.5460993 | S9: =IF($O9<((V48_Min-V12_Nom)*V12_Nom)/((2*Lm*Fsw)*V48_Min),(P9/(Fsw*Lm))*(V48_Min-V12_Nom),(R9/2)+$O9) -> 4.7730496 | T9: =IF($O9<((V48_Nom-V12_Nom)*V12_Nom)/((2*Lm*Fsw)*V48_Nom),SQRT((2*$O9*Lm*Fsw*V12_Nom)/(V48_Nom*(V48_Nom-V12_Nom))),(V12_Nom/V48_Nom)) -> 0.38781439 | U9: =IF($O9<((V48_Nom-V12_Nom)*V12_Nom)/((2*Lm*Fsw)*V48_Nom),SQRT((2*$O9*Lm*Fsw*V12_Nom)/(V48_Nom*(V48_Nom-V12_Nom)))*((V48_Nom-V12_Nom)/(V12_Nom)),1-(V12_Nom/V48_Nom)) -> 0.58172158 | V9: =IF($O9<((V48_Nom-V12_Nom)*V12_Nom)/((2*Lm*Fsw)*V48_Nom),(T9/(Fsw*Lm))*(V48_Nom-V12_Nom),((T9/(Fsw*Lm))*(V48_Nom-V12_Nom))) -> 6.1885275 | W9: =IF($O9<((V48_Nom-V12_Nom)*V12_Nom)/((2*Lm*Fsw)*V48_Nom),(T9/(Fsw*Lm))*(V48_Nom-V12_Nom),(V9/2)+$O9) -> 6.1885275 | X9: =IF($O9<((V48_Max-V12_Nom)*V12_Nom)/((2*Lm*Fsw)*V48_Max),SQRT((2*$O9*Lm*Fsw*V12_Nom)/(V48_Max*(V48_Max-V12_Nom))),(V12_Nom/V48_Max)) -> 0.20207073 | Y9: =IF($O9<((V48_Max-V12_Nom)*V12_Nom)/((2*Lm*Fsw)*V48_Max),SQRT((2*$O9*Lm*Fsw*V12_Nom)/(V48_Max*(V48_Max-V12_Nom)))*((V48_Max-V12_Nom)/(V12_Nom)),1-(V12_Nom/V48_Max)) -> 0.65672987 | Z9: =IF($O9<((V48_Max-V12_Nom)*V12_Nom)/((2*Lm*Fsw)*V48_Max),(X9/(Fsw*Lm))*(V48_Max-V12_Nom),((X9/(Fsw*Lm))*(V48_Max-V12_Nom))) -> 6.9864879 | AA9: =IF($O9<((V48_Max-V12_Nom)*V12_Nom)/((2*Lm*Fsw)*V48_Max),(X9/(Fsw*Lm))*(V48_Max-V12_Nom),(Z9/2)+$O9) -> 6.9864879 | AB9: =IF($O9<((V48_Nom-V12_Min)*V12_Min)/((2*Lm*Fsw)*V48_Nom),SQRT((2*$O9*Lm*Fsw*V12_Min)/(V48_Nom*(V48_Nom-V12_Min))),(V12_Min/V48_Nom)) -> 0.36399895 | AC9: =IF($O9<((V48_Nom-V12_Min)*V12_Min)/((2*Lm*Fsw)*V48_Nom),SQRT((2*$O9*Lm*Fsw*V12_Min)/(V48_Nom*(V48_Nom-V12_Min)))*((V48_Nom-V12_Min)/(V12_Min)),1-(V12_Min/V48_Nom)) -> 0.619782 | AD9: =IF($O9<((V48_Nom-V12_Min)*V12_Min)/((2*Lm*Fsw)*V48_Nom),(AB9/(Fsw*Lm))*(V48_Nom-V12_Min),((AB9/(Fsw*Lm))*(V48_Nom-V12_Min))) -> 6.0989186 | AE9: =IF($O9<((V48_Nom-V12_Min)*V12_Min)/((2*Lm*Fsw)*V48_Nom),(AB9/(Fsw*Lm))*(V48_Nom-V12_Min),(AD9/2)+$O9) -> 6.0989186 | AF9: =IF($O9<((V48_Nom-V12_Nom)*V12_Nom)/((2*Lm*Fsw)*V48_Nom),SQRT((2*$O9*Lm*Fsw*V12_Nom)/(V48_Nom*(V48_Nom-V12_Nom))),(V12_Nom/V48_Nom)) -> 0.38781439 | AG9: =IF($O9<((V48_Nom-V12_Nom)*V12_Nom)/((2*Lm*Fsw)*V48_Nom),SQRT((2*$O9*Lm*Fsw*V12_Nom)/(V48_Nom*(V48_Nom-V12_Nom)))*((V48_Nom-V12_Nom)/(V12_Nom)),1-(V12_Nom/V48_Nom)) -> 0.58172158 | AH9: =IF($O9<((V48_Nom-V12_Nom)*V12_Nom)/((2*Lm*Fsw)*V48_Nom),(AF9/(Fsw*Lm))*(V48_Nom-V12_Nom),((AF9/(Fsw*Lm))*(V48_Nom-V12_Nom))) -> 6.1885275 | AI9: =IF($O9<((V48_Nom-V12_Nom)*V12_Nom)/((2*Lm*Fsw)*V48_Nom),(AF9/(Fsw*Lm))*(V48_Nom-V12_Nom),(AH9/2)+$O9) -> 6.1885275 | AJ9: =IF($O9<((V48_Nom-V12_Max)*V12_Max)/((2*Lm*Fsw)*V48_Nom),SQRT((2*$O9*Lm*Fsw*V12_Max)/(V48_Nom*(V48_Nom-V12_Max))),(V12_Max/V48_Nom)) -> 0.49436828 | AK9: =IF($O9<((V48_Nom-V12_Max)*V12_Max)/((2*Lm*Fsw)*V48_Nom),SQRT((2*$O9*Lm*Fsw*V12_Max)/(V48_Nom*(V48_Nom-V12_Max)))*((V48_Nom-V12_Max)/(V12_Max)),1-(V12_Max/V48_Nom)) -> 0.45633995 | AL9: =IF($O9<((V48_Nom-V12_Max)*V12_Max)/((2*Lm*Fsw)*V48_Nom),(AJ9/(Fsw*Lm))*(V48_Nom-V12_Max),((AJ9/(Fsw*Lm))*(V48_Nom-V12_Max))) -> 6.3110845 | AM9: =IF($O9<((V48_Nom-V12_Max)*V12_Max)/((2*Lm*Fsw)*V48_Nom),(AJ9/(Fsw*Lm))*(V48_Nom-V12_Max),(AL9/2)+$O9) -> 6.3110845
A10: V12 Rail Selection | J10: Variable | N10: 0.004 | O10: =N10/Rcs -> 4 | P10: =IF($O10<((V48_Min-V12_Nom)*V12_Nom)/((2*Lm*Fsw)*V48_Min),SQRT((2*$O10*Lm*Fsw*V12_Nom)/(V48_Min*(V48_Min-V12_Nom))),(V12_Nom/V48_Min)) -> 0.66666667 | Q10: =IF($O10<((V48_Min-V12_Nom)*V12_Nom)/((2*Lm*Fsw)*V48_Min),SQRT((2*$O10*Lm*Fsw*V12_Nom)/(V48_Min*(V48_Min-V12_Nom)))*((V48_Min-V12_Nom)/(V12_Nom)),1-(V12_Nom/V48_Min)) -> 0.33333333 | R10: =IF($O10<((V48_Min-V12_Nom)*V12_Nom)/((2*Lm*Fsw)*V48_Min),(P10/(Fsw*Lm))*(V48_Min-V12_Nom),((P10/(Fsw*Lm))*(V48_Min-V12_Nom))) -> 3.5460993 | S10: =IF($O10<((V48_Min-V12_Nom)*V12_Nom)/((2*Lm*Fsw)*V48_Min),(P10/(Fsw*Lm))*(V48_Min-V12_Nom),(R10/2)+$O10) -> 5.7730496 | T10: =IF($O10<((V48_Nom-V12_Nom)*V12_Nom)/((2*Lm*Fsw)*V48_Nom),SQRT((2*$O10*Lm*Fsw*V12_Nom)/(V48_Nom*(V48_Nom-V12_Nom))),(V12_Nom/V48_Nom)) -> 0.4 | U10: =IF($O10<((V48_Nom-V12_Nom)*V12_Nom)/((2*Lm*Fsw)*V48_Nom),SQRT((2*$O10*Lm*Fsw*V12_Nom)/(V48_Nom*(V48_Nom-V12_Nom)))*((V48_Nom-V12_Nom)/(V12_Nom)),1-(V12_Nom/V48_Nom)) -> 0.6 | V10: =IF($O10<((V48_Nom-V12_Nom)*V12_Nom)/((2*Lm*Fsw)*V48_Nom),(T10/(Fsw*Lm))*(V48_Nom-V12_Nom),((T10/(Fsw*Lm))*(V48_Nom-V12_Nom))) -> 6.3829787 | W10: =IF($O10<((V48_Nom-V12_Nom)*V12_Nom)/((2*Lm*Fsw)*V48_Nom),(T10/(Fsw*Lm))*(V48_Nom-V12_Nom),(V10/2)+$O10) -> 7.1914894 | X10: =IF($O10<((V48_Max-V12_Nom)*V12_Nom)/((2*Lm*Fsw)*V48_Max),SQRT((2*$O10*Lm*Fsw*V12_Nom)/(V48_Max*(V48_Max-V12_Nom))),(V12_Nom/V48_Max)) -> 0.23333118 | Y10: =IF($O10<((V48_Max-V12_Nom)*V12_Nom)/((2*Lm*Fsw)*V48_Max),SQRT((2*$O10*Lm*Fsw*V12_Nom)/(V48_Max*(V48_Max-V12_Nom)))*((V48_Max-V12_Nom)/(V12_Nom)),1-(V12_Nom/V48_Max)) -> 0.75832633 | Z10: =IF($O10<((V48_Max-V12_Nom)*V12_Nom)/((2*Lm*Fsw)*V48_Max),(X10/(Fsw*Lm))*(V48_Max-V12_Nom),((X10/(Fsw*Lm))*(V48_Max-V12_Nom))) -> 8.0673014 | AA10: =IF($O10<((V48_Max-V12_Nom)*V12_Nom)/((2*Lm*Fsw)*V48_Max),(X10/(Fsw*Lm))*(V48_Max-V12_Nom),(Z10/2)+$O10) -> 8.0673014 | AB10: =IF($O10<((V48_Nom-V12_Min)*V12_Min)/((2*Lm*Fsw)*V48_Nom),SQRT((2*$O10*Lm*Fsw*V12_Min)/(V48_Nom*(V48_Nom-V12_Min))),(V12_Min/V48_Nom)) -> 0.37 | AC10: =IF($O10<((V48_Nom-V12_Min)*V12_Min)/((2*Lm*Fsw)*V48_Nom),SQRT((2*$O10*Lm*Fsw*V12_Min)/(V48_Nom*(V48_Nom-V12_Min)))*((V48_Nom-V12_Min)/(V12_Min)),1-(V12_Min/V48_Nom)) -> 0.63 | AD10: =IF($O10<((V48_Nom-V12_Min)*V12_Min)/((2*Lm*Fsw)*V48_Nom),(AB10/(Fsw*Lm))*(V48_Nom-V12_Min),((AB10/(Fsw*Lm))*(V48_Nom-V12_Min))) -> 6.1994681 | AE10: =IF($O10<((V48_Nom-V12_Min)*V12_Min)/((2*Lm*Fsw)*V48_Nom),(AB10/(Fsw*Lm))*(V48_Nom-V12_Min),(AD10/2)+$O10) -> 7.099734 | AF10: =IF($O10<((V48_Nom-V12_Nom)*V12_Nom)/((2*Lm*Fsw)*V48_Nom),SQRT((2*$O10*Lm*Fsw*V12_Nom)/(V48_Nom*(V48_Nom-V12_Nom))),(V12_Nom/V48_Nom)) -> 0.4 | AG10: =IF($O10<((V48_Nom-V12_Nom)*V12_Nom)/((2*Lm*Fsw)*V48_Nom),SQRT((2*$O10*Lm*Fsw*V12_Nom)/(V48_Nom*(V48_Nom-V12_Nom)))*((V48_Nom-V12_Nom)/(V12_Nom)),1-(V12_Nom/V48_Nom)) -> 0.6 | AH10: =IF($O10<((V48_Nom-V12_Nom)*V12_Nom)/((2*Lm*Fsw)*V48_Nom),(AF10/(Fsw*Lm))*(V48_Nom-V12_Nom),((AF10/(Fsw*Lm))*(V48_Nom-V12_Nom))) -> 6.3829787 | AI10: =IF($O10<((V48_Nom-V12_Nom)*V12_Nom)/((2*Lm*Fsw)*V48_Nom),(AF10/(Fsw*Lm))*(V48_Nom-V12_Nom),(AH10/2)+$O10) -> 7.1914894 | AJ10: =IF($O10<((V48_Nom-V12_Max)*V12_Max)/((2*Lm*Fsw)*V48_Nom),SQRT((2*$O10*Lm*Fsw*V12_Max)/(V48_Nom*(V48_Nom-V12_Max))),(V12_Max/V48_Nom)) -> 0.52 | AK10: =IF($O10<((V48_Nom-V12_Max)*V12_Max)/((2*Lm*Fsw)*V48_Nom),SQRT((2*$O10*Lm*Fsw*V12_Max)/(V48_Nom*(V48_Nom-V12_Max)))*((V48_Nom-V12_Max)/(V12_Max)),1-(V12_Max/V48_Nom)) -> 0.48 | AL10: =IF($O10<((V48_Nom-V12_Max)*V12_Max)/((2*Lm*Fsw)*V48_Nom),(AJ10/(Fsw*Lm))*(V48_Nom-V12_Max),((AJ10/(Fsw*Lm))*(V48_Nom-V12_Max))) -> 6.6382979 | AM10: =IF($O10<((V48_Nom-V12_Max)*V12_Max)/((2*Lm*Fsw)*V48_Nom),(AJ10/(Fsw*Lm))*(V48_Nom-V12_Max),(AL10/2)+$O10) -> 7.3191489
A11: V12_Min | B11: =Design_Converter!B16 -> 18.5 | C11: V | E11: Minimum 12V Rail Voltage | N11: 0.005 | O11: =N11/Rcs -> 5 | P11: =IF($O11<((V48_Min-V12_Nom)*V12_Nom)/((2*Lm*Fsw)*V48_Min),SQRT((2*$O11*Lm*Fsw*V12_Nom)/(V48_Min*(V48_Min-V12_Nom))),(V12_Nom/V48_Min)) -> 0.66666667 | Q11: =IF($O11<((V48_Min-V12_Nom)*V12_Nom)/((2*Lm*Fsw)*V48_Min),SQRT((2*$O11*Lm*Fsw*V12_Nom)/(V48_Min*(V48_Min-V12_Nom)))*((V48_Min-V12_Nom)/(V12_Nom)),1-(V12_Nom/V48_Min)) -> 0.33333333 | R11: =IF($O11<((V48_Min-V12_Nom)*V12_Nom)/((2*Lm*Fsw)*V48_Min),(P11/(Fsw*Lm))*(V48_Min-V12_Nom),((P11/(Fsw*Lm))*(V48_Min-V12_Nom))) -> 3.5460993 | S11: =IF($O11<((V48_Min-V12_Nom)*V12_Nom)/((2*Lm*Fsw)*V48_Min),(P11/(Fsw*Lm))*(V48_Min-V12_Nom),(R11/2)+$O11) -> 6.7730496 | T11: =IF($O11<((V48_Nom-V12_Nom)*V12_Nom)/((2*Lm*Fsw)*V48_Nom),SQRT((2*$O11*Lm*Fsw*V12_Nom)/(V48_Nom*(V48_Nom-V12_Nom))),(V12_Nom/V48_Nom)) -> 0.4 | U11: =IF($O11<((V48_Nom-V12_Nom)*V12_Nom)/((2*Lm*Fsw)*V48_Nom),SQRT((2*$O11*Lm*Fsw*V12_Nom)/(V48_Nom*(V48_Nom-V12_Nom)))*((V48_Nom-V12_Nom)/(V12_Nom)),1-(V12_Nom/V48_Nom)) -> 0.6 | V11: =IF($O11<((V48_Nom-V12_Nom)*V12_Nom)/((2*Lm*Fsw)*V48_Nom),(T11/(Fsw*Lm))*(V48_Nom-V12_Nom),((T11/(Fsw*Lm))*(V48_Nom-V12_Nom))) -> 6.3829787 | W11: =IF($O11<((V48_Nom-V12_Nom)*V12_Nom)/((2*Lm*Fsw)*V48_Nom),(T11/(Fsw*Lm))*(V48_Nom-V12_Nom),(V11/2)+$O11) -> 8.1914894 | X11: =IF($O11<((V48_Max-V12_Nom)*V12_Nom)/((2*Lm*Fsw)*V48_Max),SQRT((2*$O11*Lm*Fsw*V12_Nom)/(V48_Max*(V48_Max-V12_Nom))),(V12_Nom/V48_Max)) -> 0.23529412 | Y11: =IF($O11<((V48_Max-V12_Nom)*V12_Nom)/((2*Lm*Fsw)*V48_Max),SQRT((2*$O11*Lm*Fsw*V12_Nom)/(V48_Max*(V48_Max-V12_Nom)))*((V48_Max-V12_Nom)/(V12_Nom)),1-(V12_Nom/V48_Max)) -> 0.76470588 | Z11: =IF($O11<((V48_Max-V12_Nom)*V12_Nom)/((2*Lm*Fsw)*V48_Max),(X11/(Fsw*Lm))*(V48_Max-V12_Nom),((X11/(Fsw*Lm))*(V48_Max-V12_Nom))) -> 8.135169 | AA11: =IF($O11<((V48_Max-V12_Nom)*V12_Nom)/((2*Lm*Fsw)*V48_Max),(X11/(Fsw*Lm))*(V48_Max-V12_Nom),(Z11/2)+$O11) -> 9.0675845 | AB11: =IF($O11<((V48_Nom-V12_Min)*V12_Min)/((2*Lm*Fsw)*V48_Nom),SQRT((2*$O11*Lm*Fsw*V12_Min)/(V48_Nom*(V48_Nom-V12_Min))),(V12_Min/V48_Nom)) -> 0.37 | AC11: =IF($O11<((V48_Nom-V12_Min)*V12_Min)/((2*Lm*Fsw)*V48_Nom),SQRT((2*$O11*Lm*Fsw*V12_Min)/(V48_Nom*(V48_Nom-V12_Min)))*((V48_Nom-V12_Min)/(V12_Min)),1-(V12_Min/V48_Nom)) -> 0.63 | AD11: =IF($O11<((V48_Nom-V12_Min)*V12_Min)/((2*Lm*Fsw)*V48_Nom),(AB11/(Fsw*Lm))*(V48_Nom-V12_Min),((AB11/(Fsw*Lm))*(V48_Nom-V12_Min))) -> 6.1994681 | AE11: =IF($O11<((V48_Nom-V12_Min)*V12_Min)/((2*Lm*Fsw)*V48_Nom),(AB11/(Fsw*Lm))*(V48_Nom-V12_Min),(AD11/2)+$O11) -> 8.099734 | AF11: =IF($O11<((V48_Nom-V12_Nom)*V12_Nom)/((2*Lm*Fsw)*V48_Nom),SQRT((2*$O11*Lm*Fsw*V12_Nom)/(V48_Nom*(V48_Nom-V12_Nom))),(V12_Nom/V48_Nom)) -> 0.4 | AG11: =IF($O11<((V48_Nom-V12_Nom)*V12_Nom)/((2*Lm*Fsw)*V48_Nom),SQRT((2*$O11*Lm*Fsw*V12_Nom)/(V48_Nom*(V48_Nom-V12_Nom)))*((V48_Nom-V12_Nom)/(V12_Nom)),1-(V12_Nom/V48_Nom)) -> 0.6 | AH11: =IF($O11<((V48_Nom-V12_Nom)*V12_Nom)/((2*Lm*Fsw)*V48_Nom),(AF11/(Fsw*Lm))*(V48_Nom-V12_Nom),((AF11/(Fsw*Lm))*(V48_Nom-V12_Nom))) -> 6.3829787 | AI11: =IF($O11<((V48_Nom-V12_Nom)*V12_Nom)/((2*Lm*Fsw)*V48_Nom),(AF11/(Fsw*Lm))*(V48_Nom-V12_Nom),(AH11/2)+$O11) -> 8.1914894 | AJ11: =IF($O11<((V48_Nom-V12_Max)*V12_Max)/((2*Lm*Fsw)*V48_Nom),SQRT((2*$O11*Lm*Fsw*V12_Max)/(V48_Nom*(V48_Nom-V12_Max))),(V12_Max/V48_Nom)) -> 0.52 | AK11: =IF($O11<((V48_Nom-V12_Max)*V12_Max)/((2*Lm*Fsw)*V48_Nom),SQRT((2*$O11*Lm*Fsw*V12_Max)/(V48_Nom*(V48_Nom-V12_Max)))*((V48_Nom-V12_Max)/(V12_Max)),1-(V12_Max/V48_Nom)) -> 0.48 | AL11: =IF($O11<((V48_Nom-V12_Max)*V12_Max)/((2*Lm*Fsw)*V48_Nom),(AJ11/(Fsw*Lm))*(V48_Nom-V12_Max),((AJ11/(Fsw*Lm))*(V48_Nom-V12_Max))) -> 6.6382979 | AM11: =IF($O11<((V48_Nom-V12_Max)*V12_Max)/((2*Lm*Fsw)*V48_Nom),(AJ11/(Fsw*Lm))*(V48_Nom-V12_Max),(AL11/2)+$O11) -> 8.3191489
A12: V12_Nom | B12: =Design_Converter!B17 -> 20 | C12: V | E12: Nominal 12V Rail Voltage | N12: 0.006 | O12: =N12/Rcs -> 6 | P12: =IF($O12<((V48_Min-V12_Nom)*V12_Nom)/((2*Lm*Fsw)*V48_Min),SQRT((2*$O12*Lm*Fsw*V12_Nom)/(V48_Min*(V48_Min-V12_Nom))),(V12_Nom/V48_Min)) -> 0.66666667 | Q12: =IF($O12<((V48_Min-V12_Nom)*V12_Nom)/((2*Lm*Fsw)*V48_Min),SQRT((2*$O12*Lm*Fsw*V12_Nom)/(V48_Min*(V48_Min-V12_Nom)))*((V48_Min-V12_Nom)/(V12_Nom)),1-(V12_Nom/V48_Min)) -> 0.33333333 | R12: =IF($O12<((V48_Min-V12_Nom)*V12_Nom)/((2*Lm*Fsw)*V48_Min),(P12/(Fsw*Lm))*(V48_Min-V12_Nom),((P12/(Fsw*Lm))*(V48_Min-V12_Nom))) -> 3.5460993 | S12: =IF($O12<((V48_Min-V12_Nom)*V12_Nom)/((2*Lm*Fsw)*V48_Min),(P12/(Fsw*Lm))*(V48_Min-V12_Nom),(R12/2)+$O12) -> 7.7730496 | T12: =IF($O12<((V48_Nom-V12_Nom)*V12_Nom)/((2*Lm*Fsw)*V48_Nom),SQRT((2*$O12*Lm*Fsw*V12_Nom)/(V48_Nom*(V48_Nom-V12_Nom))),(V12_Nom/V48_Nom)) -> 0.4 | U12: =IF($O12<((V48_Nom-V12_Nom)*V12_Nom)/((2*Lm*Fsw)*V48_Nom),SQRT((2*$O12*Lm*Fsw*V12_Nom)/(V48_Nom*(V48_Nom-V12_Nom)))*((V48_Nom-V12_Nom)/(V12_Nom)),1-(V12_Nom/V48_Nom)) -> 0.6 | V12: =IF($O12<((V48_Nom-V12_Nom)*V12_Nom)/((2*Lm*Fsw)*V48_Nom),(T12/(Fsw*Lm))*(V48_Nom-V12_Nom),((T12/(Fsw*Lm))*(V48_Nom-V12_Nom))) -> 6.3829787 | W12: =IF($O12<((V48_Nom-V12_Nom)*V12_Nom)/((2*Lm*Fsw)*V48_Nom),(T12/(Fsw*Lm))*(V48_Nom-V12_Nom),(V12/2)+$O12) -> 9.1914894 | X12: =IF($O12<((V48_Max-V12_Nom)*V12_Nom)/((2*Lm*Fsw)*V48_Max),SQRT((2*$O12*Lm*Fsw*V12_Nom)/(V48_Max*(V48_Max-V12_Nom))),(V12_Nom/V48_Max)) -> 0.23529412 | Y12: =IF($O12<((V48_Max-V12_Nom)*V12_Nom)/((2*Lm*Fsw)*V48_Max),SQRT((2*$O12*Lm*Fsw*V12_Nom)/(V48_Max*(V48_Max-V12_Nom)))*((V48_Max-V12_Nom)/(V12_Nom)),1-(V12_Nom/V48_Max)) -> 0.76470588 | Z12: =IF($O12<((V48_Max-V12_Nom)*V12_Nom)/((2*Lm*Fsw)*V48_Max),(X12/(Fsw*Lm))*(V48_Max-V12_Nom),((X12/(Fsw*Lm))*(V48_Max-V12_Nom))) -> 8.135169 | AA12: =IF($O12<((V48_Max-V12_Nom)*V12_Nom)/((2*Lm*Fsw)*V48_Max),(X12/(Fsw*Lm))*(V48_Max-V12_Nom),(Z12/2)+$O12) -> 10.067584 | AB12: =IF($O12<((V48_Nom-V12_Min)*V12_Min)/((2*Lm*Fsw)*V48_Nom),SQRT((2*$O12*Lm*Fsw*V12_Min)/(V48_Nom*(V48_Nom-V12_Min))),(V12_Min/V48_Nom)) -> 0.37 | AC12: =IF($O12<((V48_Nom-V12_Min)*V12_Min)/((2*Lm*Fsw)*V48_Nom),SQRT((2*$O12*Lm*Fsw*V12_Min)/(V48_Nom*(V48_Nom-V12_Min)))*((V48_Nom-V12_Min)/(V12_Min)),1-(V12_Min/V48_Nom)) -> 0.63 | AD12: =IF($O12<((V48_Nom-V12_Min)*V12_Min)/((2*Lm*Fsw)*V48_Nom),(AB12/(Fsw*Lm))*(V48_Nom-V12_Min),((AB12/(Fsw*Lm))*(V48_Nom-V12_Min))) -> 6.1994681 | AE12: =IF($O12<((V48_Nom-V12_Min)*V12_Min)/((2*Lm*Fsw)*V48_Nom),(AB12/(Fsw*Lm))*(V48_Nom-V12_Min),(AD12/2)+$O12) -> 9.099734 | AF12: =IF($O12<((V48_Nom-V12_Nom)*V12_Nom)/((2*Lm*Fsw)*V48_Nom),SQRT((2*$O12*Lm*Fsw*V12_Nom)/(V48_Nom*(V48_Nom-V12_Nom))),(V12_Nom/V48_Nom)) -> 0.4 | AG12: =IF($O12<((V48_Nom-V12_Nom)*V12_Nom)/((2*Lm*Fsw)*V48_Nom),SQRT((2*$O12*Lm*Fsw*V12_Nom)/(V48_Nom*(V48_Nom-V12_Nom)))*((V48_Nom-V12_Nom)/(V12_Nom)),1-(V12_Nom/V48_Nom)) -> 0.6 | AH12: =IF($O12<((V48_Nom-V12_Nom)*V12_Nom)/((2*Lm*Fsw)*V48_Nom),(AF12/(Fsw*Lm))*(V48_Nom-V12_Nom),((AF12/(Fsw*Lm))*(V48_Nom-V12_Nom))) -> 6.3829787 | AI12: =IF($O12<((V48_Nom-V12_Nom)*V12_Nom)/((2*Lm*Fsw)*V48_Nom),(AF12/(Fsw*Lm))*(V48_Nom-V12_Nom),(AH12/2)+$O12) -> 9.1914894 | AJ12: =IF($O12<((V48_Nom-V12_Max)*V12_Max)/((2*Lm*Fsw)*V48_Nom),SQRT((2*$O12*Lm*Fsw*V12_Max)/(V48_Nom*(V48_Nom-V12_Max))),(V12_Max/V48_Nom)) -> 0.52 | AK12: =IF($O12<((V48_Nom-V12_Max)*V12_Max)/((2*Lm*Fsw)*V48_Nom),SQRT((2*$O12*Lm*Fsw*V12_Max)/(V48_Nom*(V48_Nom-V12_Max)))*((V48_Nom-V12_Max)/(V12_Max)),1-(V12_Max/V48_Nom)) -> 0.48 | AL12: =IF($O12<((V48_Nom-V12_Max)*V12_Max)/((2*Lm*Fsw)*V48_Nom),(AJ12/(Fsw*Lm))*(V48_Nom-V12_Max),((AJ12/(Fsw*Lm))*(V48_Nom-V12_Max))) -> 6.6382979 | AM12: =IF($O12<((V48_Nom-V12_Max)*V12_Max)/((2*Lm*Fsw)*V48_Nom),(AJ12/(Fsw*Lm))*(V48_Nom-V12_Max),(AL12/2)+$O12) -> 9.3191489
A13: V12_Max | B13: =Design_Converter!B18 -> 26 | C13: V | E13: Maximum 12V rail Voltage | N13: 0.007 | O13: =N13/Rcs -> 7 | P13: =IF($O13<((V48_Min-V12_Nom)*V12_Nom)/((2*Lm*Fsw)*V48_Min),SQRT((2*$O13*Lm*Fsw*V12_Nom)/(V48_Min*(V48_Min-V12_Nom))),(V12_Nom/V48_Min)) -> 0.66666667 | Q13: =IF($O13<((V48_Min-V12_Nom)*V12_Nom)/((2*Lm*Fsw)*V48_Min),SQRT((2*$O13*Lm*Fsw*V12_Nom)/(V48_Min*(V48_Min-V12_Nom)))*((V48_Min-V12_Nom)/(V12_Nom)),1-(V12_Nom/V48_Min)) -> 0.33333333 | R13: =IF($O13<((V48_Min-V12_Nom)*V12_Nom)/((2*Lm*Fsw)*V48_Min),(P13/(Fsw*Lm))*(V48_Min-V12_Nom),((P13/(Fsw*Lm))*(V48_Min-V12_Nom))) -> 3.5460993 | S13: =IF($O13<((V48_Min-V12_Nom)*V12_Nom)/((2*Lm*Fsw)*V48_Min),(P13/(Fsw*Lm))*(V48_Min-V12_Nom),(R13/2)+$O13) -> 8.7730496 | T13: =IF($O13<((V48_Nom-V12_Nom)*V12_Nom)/((2*Lm*Fsw)*V48_Nom),SQRT((2*$O13*Lm*Fsw*V12_Nom)/(V48_Nom*(V48_Nom-V12_Nom))),(V12_Nom/V48_Nom)) -> 0.4 | U13: =IF($O13<((V48_Nom-V12_Nom)*V12_Nom)/((2*Lm*Fsw)*V48_Nom),SQRT((2*$O13*Lm*Fsw*V12_Nom)/(V48_Nom*(V48_Nom-V12_Nom)))*((V48_Nom-V12_Nom)/(V12_Nom)),1-(V12_Nom/V48_Nom)) -> 0.6 | V13: =IF($O13<((V48_Nom-V12_Nom)*V12_Nom)/((2*Lm*Fsw)*V48_Nom),(T13/(Fsw*Lm))*(V48_Nom-V12_Nom),((T13/(Fsw*Lm))*(V48_Nom-V12_Nom))) -> 6.3829787 | W13: =IF($O13<((V48_Nom-V12_Nom)*V12_Nom)/((2*Lm*Fsw)*V48_Nom),(T13/(Fsw*Lm))*(V48_Nom-V12_Nom),(V13/2)+$O13) -> 10.191489 | X13: =IF($O13<((V48_Max-V12_Nom)*V12_Nom)/((2*Lm*Fsw)*V48_Max),SQRT((2*$O13*Lm*Fsw*V12_Nom)/(V48_Max*(V48_Max-V12_Nom))),(V12_Nom/V48_Max)) -> 0.23529412 | Y13: =IF($O13<((V48_Max-V12_Nom)*V12_Nom)/((2*Lm*Fsw)*V48_Max),SQRT((2*$O13*Lm*Fsw*V12_Nom)/(V48_Max*(V48_Max-V12_Nom)))*((V48_Max-V12_Nom)/(V12_Nom)),1-(V12_Nom/V48_Max)) -> 0.76470588 | Z13: =IF($O13<((V48_Max-V12_Nom)*V12_Nom)/((2*Lm*Fsw)*V48_Max),(X13/(Fsw*Lm))*(V48_Max-V12_Nom),((X13/(Fsw*Lm))*(V48_Max-V12_Nom))) -> 8.135169 | AA13: =IF($O13<((V48_Max-V12_Nom)*V12_Nom)/((2*Lm*Fsw)*V48_Max),(X13/(Fsw*Lm))*(V48_Max-V12_Nom),(Z13/2)+$O13) -> 11.067584 | AB13: =IF($O13<((V48_Nom-V12_Min)*V12_Min)/((2*Lm*Fsw)*V48_Nom),SQRT((2*$O13*Lm*Fsw*V12_Min)/(V48_Nom*(V48_Nom-V12_Min))),(V12_Min/V48_Nom)) -> 0.37 | AC13: =IF($O13<((V48_Nom-V12_Min)*V12_Min)/((2*Lm*Fsw)*V48_Nom),SQRT((2*$O13*Lm*Fsw*V12_Min)/(V48_Nom*(V48_Nom-V12_Min)))*((V48_Nom-V12_Min)/(V12_Min)),1-(V12_Min/V48_Nom)) -> 0.63 | AD13: =IF($O13<((V48_Nom-V12_Min)*V12_Min)/((2*Lm*Fsw)*V48_Nom),(AB13/(Fsw*Lm))*(V48_Nom-V12_Min),((AB13/(Fsw*Lm))*(V48_Nom-V12_Min))) -> 6.1994681 | AE13: =IF($O13<((V48_Nom-V12_Min)*V12_Min)/((2*Lm*Fsw)*V48_Nom),(AB13/(Fsw*Lm))*(V48_Nom-V12_Min),(AD13/2)+$O13) -> 10.099734 | AF13: =IF($O13<((V48_Nom-V12_Nom)*V12_Nom)/((2*Lm*Fsw)*V48_Nom),SQRT((2*$O13*Lm*Fsw*V12_Nom)/(V48_Nom*(V48_Nom-V12_Nom))),(V12_Nom/V48_Nom)) -> 0.4 | AG13: =IF($O13<((V48_Nom-V12_Nom)*V12_Nom)/((2*Lm*Fsw)*V48_Nom),SQRT((2*$O13*Lm*Fsw*V12_Nom)/(V48_Nom*(V48_Nom-V12_Nom)))*((V48_Nom-V12_Nom)/(V12_Nom)),1-(V12_Nom/V48_Nom)) -> 0.6 | AH13: =IF($O13<((V48_Nom-V12_Nom)*V12_Nom)/((2*Lm*Fsw)*V48_Nom),(AF13/(Fsw*Lm))*(V48_Nom-V12_Nom),((AF13/(Fsw*Lm))*(V48_Nom-V12_Nom))) -> 6.3829787 | AI13: =IF($O13<((V48_Nom-V12_Nom)*V12_Nom)/((2*Lm*Fsw)*V48_Nom),(AF13/(Fsw*Lm))*(V48_Nom-V12_Nom),(AH13/2)+$O13) -> 10.191489 | AJ13: =IF($O13<((V48_Nom-V12_Max)*V12_Max)/((2*Lm*Fsw)*V48_Nom),SQRT((2*$O13*Lm*Fsw*V12_Max)/(V48_Nom*(V48_Nom-V12_Max))),(V12_Max/V48_Nom)) -> 0.52 | AK13: =IF($O13<((V48_Nom-V12_Max)*V12_Max)/((2*Lm*Fsw)*V48_Nom),SQRT((2*$O13*Lm*Fsw*V12_Max)/(V48_Nom*(V48_Nom-V12_Max)))*((V48_Nom-V12_Max)/(V12_Max)),1-(V12_Max/V48_Nom)) -> 0.48 | AL13: =IF($O13<((V48_Nom-V12_Max)*V12_Max)/((2*Lm*Fsw)*V48_Nom),(AJ13/(Fsw*Lm))*(V48_Nom-V12_Max),((AJ13/(Fsw*Lm))*(V48_Nom-V12_Max))) -> 6.6382979 | AM13: =IF($O13<((V48_Nom-V12_Max)*V12_Max)/((2*Lm*Fsw)*V48_Nom),(AJ13/(Fsw*Lm))*(V48_Nom-V12_Max),(AL13/2)+$O13) -> 10.319149
A14: Switching Parameters | N14: 0.008 | O14: =N14/Rcs -> 8 | P14: =IF($O14<((V48_Min-V12_Nom)*V12_Nom)/((2*Lm*Fsw)*V48_Min),SQRT((2*$O14*Lm*Fsw*V12_Nom)/(V48_Min*(V48_Min-V12_Nom))),(V12_Nom/V48_Min)) -> 0.66666667 | Q14: =IF($O14<((V48_Min-V12_Nom)*V12_Nom)/((2*Lm*Fsw)*V48_Min),SQRT((2*$O14*Lm*Fsw*V12_Nom)/(V48_Min*(V48_Min-V12_Nom)))*((V48_Min-V12_Nom)/(V12_Nom)),1-(V12_Nom/V48_Min)) -> 0.33333333 | R14: =IF($O14<((V48_Min-V12_Nom)*V12_Nom)/((2*Lm*Fsw)*V48_Min),(P14/(Fsw*Lm))*(V48_Min-V12_Nom),((P14/(Fsw*Lm))*(V48_Min-V12_Nom))) -> 3.5460993 | S14: =IF($O14<((V48_Min-V12_Nom)*V12_Nom)/((2*Lm*Fsw)*V48_Min),(P14/(Fsw*Lm))*(V48_Min-V12_Nom),(R14/2)+$O14) -> 9.7730496 | T14: =IF($O14<((V48_Nom-V12_Nom)*V12_Nom)/((2*Lm*Fsw)*V48_Nom),SQRT((2*$O14*Lm*Fsw*V12_Nom)/(V48_Nom*(V48_Nom-V12_Nom))),(V12_Nom/V48_Nom)) -> 0.4 | U14: =IF($O14<((V48_Nom-V12_Nom)*V12_Nom)/((2*Lm*Fsw)*V48_Nom),SQRT((2*$O14*Lm*Fsw*V12_Nom)/(V48_Nom*(V48_Nom-V12_Nom)))*((V48_Nom-V12_Nom)/(V12_Nom)),1-(V12_Nom/V48_Nom)) -> 0.6 | V14: =IF($O14<((V48_Nom-V12_Nom)*V12_Nom)/((2*Lm*Fsw)*V48_Nom),(T14/(Fsw*Lm))*(V48_Nom-V12_Nom),((T14/(Fsw*Lm))*(V48_Nom-V12_Nom))) -> 6.3829787 | W14: =IF($O14<((V48_Nom-V12_Nom)*V12_Nom)/((2*Lm*Fsw)*V48_Nom),(T14/(Fsw*Lm))*(V48_Nom-V12_Nom),(V14/2)+$O14) -> 11.191489 | X14: =IF($O14<((V48_Max-V12_Nom)*V12_Nom)/((2*Lm*Fsw)*V48_Max),SQRT((2*$O14*Lm*Fsw*V12_Nom)/(V48_Max*(V48_Max-V12_Nom))),(V12_Nom/V48_Max)) -> 0.23529412 | Y14: =IF($O14<((V48_Max-V12_Nom)*V12_Nom)/((2*Lm*Fsw)*V48_Max),SQRT((2*$O14*Lm*Fsw*V12_Nom)/(V48_Max*(V48_Max-V12_Nom)))*((V48_Max-V12_Nom)/(V12_Nom)),1-(V12_Nom/V48_Max)) -> 0.76470588 | Z14: =IF($O14<((V48_Max-V12_Nom)*V12_Nom)/((2*Lm*Fsw)*V48_Max),(X14/(Fsw*Lm))*(V48_Max-V12_Nom),((X14/(Fsw*Lm))*(V48_Max-V12_Nom))) -> 8.135169 | AA14: =IF($O14<((V48_Max-V12_Nom)*V12_Nom)/((2*Lm*Fsw)*V48_Max),(X14/(Fsw*Lm))*(V48_Max-V12_Nom),(Z14/2)+$O14) -> 12.067584 | AB14: =IF($O14<((V48_Nom-V12_Min)*V12_Min)/((2*Lm*Fsw)*V48_Nom),SQRT((2*$O14*Lm*Fsw*V12_Min)/(V48_Nom*(V48_Nom-V12_Min))),(V12_Min/V48_Nom)) -> 0.37 | AC14: =IF($O14<((V48_Nom-V12_Min)*V12_Min)/((2*Lm*Fsw)*V48_Nom),SQRT((2*$O14*Lm*Fsw*V12_Min)/(V48_Nom*(V48_Nom-V12_Min)))*((V48_Nom-V12_Min)/(V12_Min)),1-(V12_Min/V48_Nom)) -> 0.63 | AD14: =IF($O14<((V48_Nom-V12_Min)*V12_Min)/((2*Lm*Fsw)*V48_Nom),(AB14/(Fsw*Lm))*(V48_Nom-V12_Min),((AB14/(Fsw*Lm))*(V48_Nom-V12_Min))) -> 6.1994681 | AE14: =IF($O14<((V48_Nom-V12_Min)*V12_Min)/((2*Lm*Fsw)*V48_Nom),(AB14/(Fsw*Lm))*(V48_Nom-V12_Min),(AD14/2)+$O14) -> 11.099734 | AF14: =IF($O14<((V48_Nom-V12_Nom)*V12_Nom)/((2*Lm*Fsw)*V48_Nom),SQRT((2*$O14*Lm*Fsw*V12_Nom)/(V48_Nom*(V48_Nom-V12_Nom))),(V12_Nom/V48_Nom)) -> 0.4 | AG14: =IF($O14<((V48_Nom-V12_Nom)*V12_Nom)/((2*Lm*Fsw)*V48_Nom),SQRT((2*$O14*Lm*Fsw*V12_Nom)/(V48_Nom*(V48_Nom-V12_Nom)))*((V48_Nom-V12_Nom)/(V12_Nom)),1-(V12_Nom/V48_Nom)) -> 0.6 | AH14: =IF($O14<((V48_Nom-V12_Nom)*V12_Nom)/((2*Lm*Fsw)*V48_Nom),(AF14/(Fsw*Lm))*(V48_Nom-V12_Nom),((AF14/(Fsw*Lm))*(V48_Nom-V12_Nom))) -> 6.3829787 | AI14: =IF($O14<((V48_Nom-V12_Nom)*V12_Nom)/((2*Lm*Fsw)*V48_Nom),(AF14/(Fsw*Lm))*(V48_Nom-V12_Nom),(AH14/2)+$O14) -> 11.191489 | AJ14: =IF($O14<((V48_Nom-V12_Max)*V12_Max)/((2*Lm*Fsw)*V48_Nom),SQRT((2*$O14*Lm*Fsw*V12_Max)/(V48_Nom*(V48_Nom-V12_Max))),(V12_Max/V48_Nom)) -> 0.52 | AK14: =IF($O14<((V48_Nom-V12_Max)*V12_Max)/((2*Lm*Fsw)*V48_Nom),SQRT((2*$O14*Lm*Fsw*V12_Max)/(V48_Nom*(V48_Nom-V12_Max)))*((V48_Nom-V12_Max)/(V12_Max)),1-(V12_Max/V48_Nom)) -> 0.48 | AL14: =IF($O14<((V48_Nom-V12_Max)*V12_Max)/((2*Lm*Fsw)*V48_Nom),(AJ14/(Fsw*Lm))*(V48_Nom-V12_Max),((AJ14/(Fsw*Lm))*(V48_Nom-V12_Max))) -> 6.6382979 | AM14: =IF($O14<((V48_Nom-V12_Max)*V12_Max)/((2*Lm*Fsw)*V48_Nom),(AJ14/(Fsw*Lm))*(V48_Nom-V12_Max),(AL14/2)+$O14) -> 11.319149
A15: Fsw | B15: =Design_Converter!B21*1000 -> 400000 | C15: Hz | D15: =IF(AND(B15<=Constants!B39,B15<=Constants!D39),1,0) -> 0 | E15: Converter switching frequency | N15: 0.009 | O15: =N15/Rcs -> 9 | P15: =IF($O15<((V48_Min-V12_Nom)*V12_Nom)/((2*Lm*Fsw)*V48_Min),SQRT((2*$O15*Lm*Fsw*V12_Nom)/(V48_Min*(V48_Min-V12_Nom))),(V12_Nom/V48_Min)) -> 0.66666667 | Q15: =IF($O15<((V48_Min-V12_Nom)*V12_Nom)/((2*Lm*Fsw)*V48_Min),SQRT((2*$O15*Lm*Fsw*V12_Nom)/(V48_Min*(V48_Min-V12_Nom)))*((V48_Min-V12_Nom)/(V12_Nom)),1-(V12_Nom/V48_Min)) -> 0.33333333 | R15: =IF($O15<((V48_Min-V12_Nom)*V12_Nom)/((2*Lm*Fsw)*V48_Min),(P15/(Fsw*Lm))*(V48_Min-V12_Nom),((P15/(Fsw*Lm))*(V48_Min-V12_Nom))) -> 3.5460993 | S15: =IF($O15<((V48_Min-V12_Nom)*V12_Nom)/((2*Lm*Fsw)*V48_Min),(P15/(Fsw*Lm))*(V48_Min-V12_Nom),(R15/2)+$O15) -> 10.77305 | T15: =IF($O15<((V48_Nom-V12_Nom)*V12_Nom)/((2*Lm*Fsw)*V48_Nom),SQRT((2*$O15*Lm*Fsw*V12_Nom)/(V48_Nom*(V48_Nom-V12_Nom))),(V12_Nom/V48_Nom)) -> 0.4 | U15: =IF($O15<((V48_Nom-V12_Nom)*V12_Nom)/((2*Lm*Fsw)*V48_Nom),SQRT((2*$O15*Lm*Fsw*V12_Nom)/(V48_Nom*(V48_Nom-V12_Nom)))*((V48_Nom-V12_Nom)/(V12_Nom)),1-(V12_Nom/V48_Nom)) -> 0.6 | V15: =IF($O15<((V48_Nom-V12_Nom)*V12_Nom)/((2*Lm*Fsw)*V48_Nom),(T15/(Fsw*Lm))*(V48_Nom-V12_Nom),((T15/(Fsw*Lm))*(V48_Nom-V12_Nom))) -> 6.3829787 | W15: =IF($O15<((V48_Nom-V12_Nom)*V12_Nom)/((2*Lm*Fsw)*V48_Nom),(T15/(Fsw*Lm))*(V48_Nom-V12_Nom),(V15/2)+$O15) -> 12.191489 | X15: =IF($O15<((V48_Max-V12_Nom)*V12_Nom)/((2*Lm*Fsw)*V48_Max),SQRT((2*$O15*Lm*Fsw*V12_Nom)/(V48_Max*(V48_Max-V12_Nom))),(V12_Nom/V48_Max)) -> 0.23529412 | Y15: =IF($O15<((V48_Max-V12_Nom)*V12_Nom)/((2*Lm*Fsw)*V48_Max),SQRT((2*$O15*Lm*Fsw*V12_Nom)/(V48_Max*(V48_Max-V12_Nom)))*((V48_Max-V12_Nom)/(V12_Nom)),1-(V12_Nom/V48_Max)) -> 0.76470588 | Z15: =IF($O15<((V48_Max-V12_Nom)*V12_Nom)/((2*Lm*Fsw)*V48_Max),(X15/(Fsw*Lm))*(V48_Max-V12_Nom),((X15/(Fsw*Lm))*(V48_Max-V12_Nom))) -> 8.135169 | AA15: =IF($O15<((V48_Max-V12_Nom)*V12_Nom)/((2*Lm*Fsw)*V48_Max),(X15/(Fsw*Lm))*(V48_Max-V12_Nom),(Z15/2)+$O15) -> 13.067584 | AB15: =IF($O15<((V48_Nom-V12_Min)*V12_Min)/((2*Lm*Fsw)*V48_Nom),SQRT((2*$O15*Lm*Fsw*V12_Min)/(V48_Nom*(V48_Nom-V12_Min))),(V12_Min/V48_Nom)) -> 0.37 | AC15: =IF($O15<((V48_Nom-V12_Min)*V12_Min)/((2*Lm*Fsw)*V48_Nom),SQRT((2*$O15*Lm*Fsw*V12_Min)/(V48_Nom*(V48_Nom-V12_Min)))*((V48_Nom-V12_Min)/(V12_Min)),1-(V12_Min/V48_Nom)) -> 0.63 | AD15: =IF($O15<((V48_Nom-V12_Min)*V12_Min)/((2*Lm*Fsw)*V48_Nom),(AB15/(Fsw*Lm))*(V48_Nom-V12_Min),((AB15/(Fsw*Lm))*(V48_Nom-V12_Min))) -> 6.1994681 | AE15: =IF($O15<((V48_Nom-V12_Min)*V12_Min)/((2*Lm*Fsw)*V48_Nom),(AB15/(Fsw*Lm))*(V48_Nom-V12_Min),(AD15/2)+$O15) -> 12.099734 | AF15: =IF($O15<((V48_Nom-V12_Nom)*V12_Nom)/((2*Lm*Fsw)*V48_Nom),SQRT((2*$O15*Lm*Fsw*V12_Nom)/(V48_Nom*(V48_Nom-V12_Nom))),(V12_Nom/V48_Nom)) -> 0.4 | AG15: =IF($O15<((V48_Nom-V12_Nom)*V12_Nom)/((2*Lm*Fsw)*V48_Nom),SQRT((2*$O15*Lm*Fsw*V12_Nom)/(V48_Nom*(V48_Nom-V12_Nom)))*((V48_Nom-V12_Nom)/(V12_Nom)),1-(V12_Nom/V48_Nom)) -> 0.6 | AH15: =IF($O15<((V48_Nom-V12_Nom)*V12_Nom)/((2*Lm*Fsw)*V48_Nom),(AF15/(Fsw*Lm))*(V48_Nom-V12_Nom),((AF15/(Fsw*Lm))*(V48_Nom-V12_Nom))) -> 6.3829787 | AI15: =IF($O15<((V48_Nom-V12_Nom)*V12_Nom)/((2*Lm*Fsw)*V48_Nom),(AF15/(Fsw*Lm))*(V48_Nom-V12_Nom),(AH15/2)+$O15) -> 12.191489 | AJ15: =IF($O15<((V48_Nom-V12_Max)*V12_Max)/((2*Lm*Fsw)*V48_Nom),SQRT((2*$O15*Lm*Fsw*V12_Max)/(V48_Nom*(V48_Nom-V12_Max))),(V12_Max/V48_Nom)) -> 0.52 | AK15: =IF($O15<((V48_Nom-V12_Max)*V12_Max)/((2*Lm*Fsw)*V48_Nom),SQRT((2*$O15*Lm*Fsw*V12_Max)/(V48_Nom*(V48_Nom-V12_Max)))*((V48_Nom-V12_Max)/(V12_Max)),1-(V12_Max/V48_Nom)) -> 0.48 | AL15: =IF($O15<((V48_Nom-V12_Max)*V12_Max)/((2*Lm*Fsw)*V48_Nom),(AJ15/(Fsw*Lm))*(V48_Nom-V12_Max),((AJ15/(Fsw*Lm))*(V48_Nom-V12_Max))) -> 6.6382979 | AM15: =IF($O15<((V48_Nom-V12_Max)*V12_Max)/((2*Lm*Fsw)*V48_Nom),(AJ15/(Fsw*Lm))*(V48_Nom-V12_Max),(AL15/2)+$O15) -> 12.319149
A16: RT | B16: =Constants!C17/(Fsw*1000) -> 10 | C16: kOhm | D16: x | E16: Oscilator set resistor Resistor | N16: 0.01 | O16: =N16/Rcs -> 10 | P16: =IF($O16<((V48_Min-V12_Nom)*V12_Nom)/((2*Lm*Fsw)*V48_Min),SQRT((2*$O16*Lm*Fsw*V12_Nom)/(V48_Min*(V48_Min-V12_Nom))),(V12_Nom/V48_Min)) -> 0.66666667 | Q16: =IF($O16<((V48_Min-V12_Nom)*V12_Nom)/((2*Lm*Fsw)*V48_Min),SQRT((2*$O16*Lm*Fsw*V12_Nom)/(V48_Min*(V48_Min-V12_Nom)))*((V48_Min-V12_Nom)/(V12_Nom)),1-(V12_Nom/V48_Min)) -> 0.33333333 | R16: =IF($O16<((V48_Min-V12_Nom)*V12_Nom)/((2*Lm*Fsw)*V48_Min),(P16/(Fsw*Lm))*(V48_Min-V12_Nom),((P16/(Fsw*Lm))*(V48_Min-V12_Nom))) -> 3.5460993 | S16: =IF($O16<((V48_Min-V12_Nom)*V12_Nom)/((2*Lm*Fsw)*V48_Min),(P16/(Fsw*Lm))*(V48_Min-V12_Nom),(R16/2)+$O16) -> 11.77305 | T16: =IF($O16<((V48_Nom-V12_Nom)*V12_Nom)/((2*Lm*Fsw)*V48_Nom),SQRT((2*$O16*Lm*Fsw*V12_Nom)/(V48_Nom*(V48_Nom-V12_Nom))),(V12_Nom/V48_Nom)) -> 0.4 | U16: =IF($O16<((V48_Nom-V12_Nom)*V12_Nom)/((2*Lm*Fsw)*V48_Nom),SQRT((2*$O16*Lm*Fsw*V12_Nom)/(V48_Nom*(V48_Nom-V12_Nom)))*((V48_Nom-V12_Nom)/(V12_Nom)),1-(V12_Nom/V48_Nom)) -> 0.6 | V16: =IF($O16<((V48_Nom-V12_Nom)*V12_Nom)/((2*Lm*Fsw)*V48_Nom),(T16/(Fsw*Lm))*(V48_Nom-V12_Nom),((T16/(Fsw*Lm))*(V48_Nom-V12_Nom))) -> 6.3829787 | W16: =IF($O16<((V48_Nom-V12_Nom)*V12_Nom)/((2*Lm*Fsw)*V48_Nom),(T16/(Fsw*Lm))*(V48_Nom-V12_Nom),(V16/2)+$O16) -> 13.191489 | X16: =IF($O16<((V48_Max-V12_Nom)*V12_Nom)/((2*Lm*Fsw)*V48_Max),SQRT((2*$O16*Lm*Fsw*V12_Nom)/(V48_Max*(V48_Max-V12_Nom))),(V12_Nom/V48_Max)) -> 0.23529412 | Y16: =IF($O16<((V48_Max-V12_Nom)*V12_Nom)/((2*Lm*Fsw)*V48_Max),SQRT((2*$O16*Lm*Fsw*V12_Nom)/(V48_Max*(V48_Max-V12_Nom)))*((V48_Max-V12_Nom)/(V12_Nom)),1-(V12_Nom/V48_Max)) -> 0.76470588 | Z16: =IF($O16<((V48_Max-V12_Nom)*V12_Nom)/((2*Lm*Fsw)*V48_Max),(X16/(Fsw*Lm))*(V48_Max-V12_Nom),((X16/(Fsw*Lm))*(V48_Max-V12_Nom))) -> 8.135169 | AA16: =IF($O16<((V48_Max-V12_Nom)*V12_Nom)/((2*Lm*Fsw)*V48_Max),(X16/(Fsw*Lm))*(V48_Max-V12_Nom),(Z16/2)+$O16) -> 14.067584 | AB16: =IF($O16<((V48_Nom-V12_Min)*V12_Min)/((2*Lm*Fsw)*V48_Nom),SQRT((2*$O16*Lm*Fsw*V12_Min)/(V48_Nom*(V48_Nom-V12_Min))),(V12_Min/V48_Nom)) -> 0.37 | AC16: =IF($O16<((V48_Nom-V12_Min)*V12_Min)/((2*Lm*Fsw)*V48_Nom),SQRT((2*$O16*Lm*Fsw*V12_Min)/(V48_Nom*(V48_Nom-V12_Min)))*((V48_Nom-V12_Min)/(V12_Min)),1-(V12_Min/V48_Nom)) -> 0.63 | AD16: =IF($O16<((V48_Nom-V12_Min)*V12_Min)/((2*Lm*Fsw)*V48_Nom),(AB16/(Fsw*Lm))*(V48_Nom-V12_Min),((AB16/(Fsw*Lm))*(V48_Nom-V12_Min))) -> 6.1994681 | AE16: =IF($O16<((V48_Nom-V12_Min)*V12_Min)/((2*Lm*Fsw)*V48_Nom),(AB16/(Fsw*Lm))*(V48_Nom-V12_Min),(AD16/2)+$O16) -> 13.099734 | AF16: =IF($O16<((V48_Nom-V12_Nom)*V12_Nom)/((2*Lm*Fsw)*V48_Nom),SQRT((2*$O16*Lm*Fsw*V12_Nom)/(V48_Nom*(V48_Nom-V12_Nom))),(V12_Nom/V48_Nom)) -> 0.4 | AG16: =IF($O16<((V48_Nom-V12_Nom)*V12_Nom)/((2*Lm*Fsw)*V48_Nom),SQRT((2*$O16*Lm*Fsw*V12_Nom)/(V48_Nom*(V48_Nom-V12_Nom)))*((V48_Nom-V12_Nom)/(V12_Nom)),1-(V12_Nom/V48_Nom)) -> 0.6 | AH16: =IF($O16<((V48_Nom-V12_Nom)*V12_Nom)/((2*Lm*Fsw)*V48_Nom),(AF16/(Fsw*Lm))*(V48_Nom-V12_Nom),((AF16/(Fsw*Lm))*(V48_Nom-V12_Nom))) -> 6.3829787 | AI16: =IF($O16<((V48_Nom-V12_Nom)*V12_Nom)/((2*Lm*Fsw)*V48_Nom),(AF16/(Fsw*Lm))*(V48_Nom-V12_Nom),(AH16/2)+$O16) -> 13.191489 | AJ16: =IF($O16<((V48_Nom-V12_Max)*V12_Max)/((2*Lm*Fsw)*V48_Nom),SQRT((2*$O16*Lm*Fsw*V12_Max)/(V48_Nom*(V48_Nom-V12_Max))),(V12_Max/V48_Nom)) -> 0.52 | AK16: =IF($O16<((V48_Nom-V12_Max)*V12_Max)/((2*Lm*Fsw)*V48_Nom),SQRT((2*$O16*Lm*Fsw*V12_Max)/(V48_Nom*(V48_Nom-V12_Max)))*((V48_Nom-V12_Max)/(V12_Max)),1-(V12_Max/V48_Nom)) -> 0.48 | AL16: =IF($O16<((V48_Nom-V12_Max)*V12_Max)/((2*Lm*Fsw)*V48_Nom),(AJ16/(Fsw*Lm))*(V48_Nom-V12_Max),((AJ16/(Fsw*Lm))*(V48_Nom-V12_Max))) -> 6.6382979 | AM16: =IF($O16<((V48_Nom-V12_Max)*V12_Max)/((2*Lm*Fsw)*V48_Nom),(AJ16/(Fsw*Lm))*(V48_Nom-V12_Max),(AL16/2)+$O16) -> 13.319149
A17: Minmum Off Time (Buck) | B17: =(1-(V12_Max/V48_Min))/Fsw -> 3.3333333e-07 | C17: s | D17: =IF(B17<Constants!C3,1,0) -> 0 | N17: 0.011 | O17: =N17/Rcs -> 11 | P17: =IF($O17<((V48_Min-V12_Nom)*V12_Nom)/((2*Lm*Fsw)*V48_Min),SQRT((2*$O17*Lm*Fsw*V12_Nom)/(V48_Min*(V48_Min-V12_Nom))),(V12_Nom/V48_Min)) -> 0.66666667 | Q17: =IF($O17<((V48_Min-V12_Nom)*V12_Nom)/((2*Lm*Fsw)*V48_Min),SQRT((2*$O17*Lm*Fsw*V12_Nom)/(V48_Min*(V48_Min-V12_Nom)))*((V48_Min-V12_Nom)/(V12_Nom)),1-(V12_Nom/V48_Min)) -> 0.33333333 | R17: =IF($O17<((V48_Min-V12_Nom)*V12_Nom)/((2*Lm*Fsw)*V48_Min),(P17/(Fsw*Lm))*(V48_Min-V12_Nom),((P17/(Fsw*Lm))*(V48_Min-V12_Nom))) -> 3.5460993 | S17: =IF($O17<((V48_Min-V12_Nom)*V12_Nom)/((2*Lm*Fsw)*V48_Min),(P17/(Fsw*Lm))*(V48_Min-V12_Nom),(R17/2)+$O17) -> 12.77305 | T17: =IF($O17<((V48_Nom-V12_Nom)*V12_Nom)/((2*Lm*Fsw)*V48_Nom),SQRT((2*$O17*Lm*Fsw*V12_Nom)/(V48_Nom*(V48_Nom-V12_Nom))),(V12_Nom/V48_Nom)) -> 0.4 | U17: =IF($O17<((V48_Nom-V12_Nom)*V12_Nom)/((2*Lm*Fsw)*V48_Nom),SQRT((2*$O17*Lm*Fsw*V12_Nom)/(V48_Nom*(V48_Nom-V12_Nom)))*((V48_Nom-V12_Nom)/(V12_Nom)),1-(V12_Nom/V48_Nom)) -> 0.6 | V17: =IF($O17<((V48_Nom-V12_Nom)*V12_Nom)/((2*Lm*Fsw)*V48_Nom),(T17/(Fsw*Lm))*(V48_Nom-V12_Nom),((T17/(Fsw*Lm))*(V48_Nom-V12_Nom))) -> 6.3829787 | W17: =IF($O17<((V48_Nom-V12_Nom)*V12_Nom)/((2*Lm*Fsw)*V48_Nom),(T17/(Fsw*Lm))*(V48_Nom-V12_Nom),(V17/2)+$O17) -> 14.191489 | X17: =IF($O17<((V48_Max-V12_Nom)*V12_Nom)/((2*Lm*Fsw)*V48_Max),SQRT((2*$O17*Lm*Fsw*V12_Nom)/(V48_Max*(V48_Max-V12_Nom))),(V12_Nom/V48_Max)) -> 0.23529412 | Y17: =IF($O17<((V48_Max-V12_Nom)*V12_Nom)/((2*Lm*Fsw)*V48_Max),SQRT((2*$O17*Lm*Fsw*V12_Nom)/(V48_Max*(V48_Max-V12_Nom)))*((V48_Max-V12_Nom)/(V12_Nom)),1-(V12_Nom/V48_Max)) -> 0.76470588 | Z17: =IF($O17<((V48_Max-V12_Nom)*V12_Nom)/((2*Lm*Fsw)*V48_Max),(X17/(Fsw*Lm))*(V48_Max-V12_Nom),((X17/(Fsw*Lm))*(V48_Max-V12_Nom))) -> 8.135169 | AA17: =IF($O17<((V48_Max-V12_Nom)*V12_Nom)/((2*Lm*Fsw)*V48_Max),(X17/(Fsw*Lm))*(V48_Max-V12_Nom),(Z17/2)+$O17) -> 15.067584 | AB17: =IF($O17<((V48_Nom-V12_Min)*V12_Min)/((2*Lm*Fsw)*V48_Nom),SQRT((2*$O17*Lm*Fsw*V12_Min)/(V48_Nom*(V48_Nom-V12_Min))),(V12_Min/V48_Nom)) -> 0.37 | AC17: =IF($O17<((V48_Nom-V12_Min)*V12_Min)/((2*Lm*Fsw)*V48_Nom),SQRT((2*$O17*Lm*Fsw*V12_Min)/(V48_Nom*(V48_Nom-V12_Min)))*((V48_Nom-V12_Min)/(V12_Min)),1-(V12_Min/V48_Nom)) -> 0.63 | AD17: =IF($O17<((V48_Nom-V12_Min)*V12_Min)/((2*Lm*Fsw)*V48_Nom),(AB17/(Fsw*Lm))*(V48_Nom-V12_Min),((AB17/(Fsw*Lm))*(V48_Nom-V12_Min))) -> 6.1994681 | AE17: =IF($O17<((V48_Nom-V12_Min)*V12_Min)/((2*Lm*Fsw)*V48_Nom),(AB17/(Fsw*Lm))*(V48_Nom-V12_Min),(AD17/2)+$O17) -> 14.099734 | AF17: =IF($O17<((V48_Nom-V12_Nom)*V12_Nom)/((2*Lm*Fsw)*V48_Nom),SQRT((2*$O17*Lm*Fsw*V12_Nom)/(V48_Nom*(V48_Nom-V12_Nom))),(V12_Nom/V48_Nom)) -> 0.4 | AG17: =IF($O17<((V48_Nom-V12_Nom)*V12_Nom)/((2*Lm*Fsw)*V48_Nom),SQRT((2*$O17*Lm*Fsw*V12_Nom)/(V48_Nom*(V48_Nom-V12_Nom)))*((V48_Nom-V12_Nom)/(V12_Nom)),1-(V12_Nom/V48_Nom)) -> 0.6 | AH17: =IF($O17<((V48_Nom-V12_Nom)*V12_Nom)/((2*Lm*Fsw)*V48_Nom),(AF17/(Fsw*Lm))*(V48_Nom-V12_Nom),((AF17/(Fsw*Lm))*(V48_Nom-V12_Nom))) -> 6.3829787 | AI17: =IF($O17<((V48_Nom-V12_Nom)*V12_Nom)/((2*Lm*Fsw)*V48_Nom),(AF17/(Fsw*Lm))*(V48_Nom-V12_Nom),(AH17/2)+$O17) -> 14.191489 | AJ17: =IF($O17<((V48_Nom-V12_Max)*V12_Max)/((2*Lm*Fsw)*V48_Nom),SQRT((2*$O17*Lm*Fsw*V12_Max)/(V48_Nom*(V48_Nom-V12_Max))),(V12_Max/V48_Nom)) -> 0.52 | AK17: =IF($O17<((V48_Nom-V12_Max)*V12_Max)/((2*Lm*Fsw)*V48_Nom),SQRT((2*$O17*Lm*Fsw*V12_Max)/(V48_Nom*(V48_Nom-V12_Max)))*((V48_Nom-V12_Max)/(V12_Max)),1-(V12_Max/V48_Nom)) -> 0.48 | AL17: =IF($O17<((V48_Nom-V12_Max)*V12_Max)/((2*Lm*Fsw)*V48_Nom),(AJ17/(Fsw*Lm))*(V48_Nom-V12_Max),((AJ17/(Fsw*Lm))*(V48_Nom-V12_Max))) -> 6.6382979 | AM17: =IF($O17<((V48_Nom-V12_Max)*V12_Max)/((2*Lm*Fsw)*V48_Nom),(AJ17/(Fsw*Lm))*(V48_Nom-V12_Max),(AL17/2)+$O17) -> 14.319149
A18: Minmum Off Time (Boost) | B18: =(V12_Min/V48_Max)/Fsw -> 5.4411765e-07 | C18: s | D18: =IF(B18<Constants!C3,1,0) -> 0 | N18: 0.012 | O18: =N18/Rcs -> 12 | P18: =IF($O18<((V48_Min-V12_Nom)*V12_Nom)/((2*Lm*Fsw)*V48_Min),SQRT((2*$O18*Lm*Fsw*V12_Nom)/(V48_Min*(V48_Min-V12_Nom))),(V12_Nom/V48_Min)) -> 0.66666667 | Q18: =IF($O18<((V48_Min-V12_Nom)*V12_Nom)/((2*Lm*Fsw)*V48_Min),SQRT((2*$O18*Lm*Fsw*V12_Nom)/(V48_Min*(V48_Min-V12_Nom)))*((V48_Min-V12_Nom)/(V12_Nom)),1-(V12_Nom/V48_Min)) -> 0.33333333 | R18: =IF($O18<((V48_Min-V12_Nom)*V12_Nom)/((2*Lm*Fsw)*V48_Min),(P18/(Fsw*Lm))*(V48_Min-V12_Nom),((P18/(Fsw*Lm))*(V48_Min-V12_Nom))) -> 3.5460993 | S18: =IF($O18<((V48_Min-V12_Nom)*V12_Nom)/((2*Lm*Fsw)*V48_Min),(P18/(Fsw*Lm))*(V48_Min-V12_Nom),(R18/2)+$O18) -> 13.77305 | T18: =IF($O18<((V48_Nom-V12_Nom)*V12_Nom)/((2*Lm*Fsw)*V48_Nom),SQRT((2*$O18*Lm*Fsw*V12_Nom)/(V48_Nom*(V48_Nom-V12_Nom))),(V12_Nom/V48_Nom)) -> 0.4 | U18: =IF($O18<((V48_Nom-V12_Nom)*V12_Nom)/((2*Lm*Fsw)*V48_Nom),SQRT((2*$O18*Lm*Fsw*V12_Nom)/(V48_Nom*(V48_Nom-V12_Nom)))*((V48_Nom-V12_Nom)/(V12_Nom)),1-(V12_Nom/V48_Nom)) -> 0.6 | V18: =IF($O18<((V48_Nom-V12_Nom)*V12_Nom)/((2*Lm*Fsw)*V48_Nom),(T18/(Fsw*Lm))*(V48_Nom-V12_Nom),((T18/(Fsw*Lm))*(V48_Nom-V12_Nom))) -> 6.3829787 | W18: =IF($O18<((V48_Nom-V12_Nom)*V12_Nom)/((2*Lm*Fsw)*V48_Nom),(T18/(Fsw*Lm))*(V48_Nom-V12_Nom),(V18/2)+$O18) -> 15.191489 | X18: =IF($O18<((V48_Max-V12_Nom)*V12_Nom)/((2*Lm*Fsw)*V48_Max),SQRT((2*$O18*Lm*Fsw*V12_Nom)/(V48_Max*(V48_Max-V12_Nom))),(V12_Nom/V48_Max)) -> 0.23529412 | Y18: =IF($O18<((V48_Max-V12_Nom)*V12_Nom)/((2*Lm*Fsw)*V48_Max),SQRT((2*$O18*Lm*Fsw*V12_Nom)/(V48_Max*(V48_Max-V12_Nom)))*((V48_Max-V12_Nom)/(V12_Nom)),1-(V12_Nom/V48_Max)) -> 0.76470588 | Z18: =IF($O18<((V48_Max-V12_Nom)*V12_Nom)/((2*Lm*Fsw)*V48_Max),(X18/(Fsw*Lm))*(V48_Max-V12_Nom),((X18/(Fsw*Lm))*(V48_Max-V12_Nom))) -> 8.135169 | AA18: =IF($O18<((V48_Max-V12_Nom)*V12_Nom)/((2*Lm*Fsw)*V48_Max),(X18/(Fsw*Lm))*(V48_Max-V12_Nom),(Z18/2)+$O18) -> 16.067584 | AB18: =IF($O18<((V48_Nom-V12_Min)*V12_Min)/((2*Lm*Fsw)*V48_Nom),SQRT((2*$O18*Lm*Fsw*V12_Min)/(V48_Nom*(V48_Nom-V12_Min))),(V12_Min/V48_Nom)) -> 0.37 | AC18: =IF($O18<((V48_Nom-V12_Min)*V12_Min)/((2*Lm*Fsw)*V48_Nom),SQRT((2*$O18*Lm*Fsw*V12_Min)/(V48_Nom*(V48_Nom-V12_Min)))*((V48_Nom-V12_Min)/(V12_Min)),1-(V12_Min/V48_Nom)) -> 0.63 | AD18: =IF($O18<((V48_Nom-V12_Min)*V12_Min)/((2*Lm*Fsw)*V48_Nom),(AB18/(Fsw*Lm))*(V48_Nom-V12_Min),((AB18/(Fsw*Lm))*(V48_Nom-V12_Min))) -> 6.1994681 | AE18: =IF($O18<((V48_Nom-V12_Min)*V12_Min)/((2*Lm*Fsw)*V48_Nom),(AB18/(Fsw*Lm))*(V48_Nom-V12_Min),(AD18/2)+$O18) -> 15.099734 | AF18: =IF($O18<((V48_Nom-V12_Nom)*V12_Nom)/((2*Lm*Fsw)*V48_Nom),SQRT((2*$O18*Lm*Fsw*V12_Nom)/(V48_Nom*(V48_Nom-V12_Nom))),(V12_Nom/V48_Nom)) -> 0.4 | AG18: =IF($O18<((V48_Nom-V12_Nom)*V12_Nom)/((2*Lm*Fsw)*V48_Nom),SQRT((2*$O18*Lm*Fsw*V12_Nom)/(V48_Nom*(V48_Nom-V12_Nom)))*((V48_Nom-V12_Nom)/(V12_Nom)),1-(V12_Nom/V48_Nom)) -> 0.6 | AH18: =IF($O18<((V48_Nom-V12_Nom)*V12_Nom)/((2*Lm*Fsw)*V48_Nom),(AF18/(Fsw*Lm))*(V48_Nom-V12_Nom),((AF18/(Fsw*Lm))*(V48_Nom-V12_Nom))) -> 6.3829787 | AI18: =IF($O18<((V48_Nom-V12_Nom)*V12_Nom)/((2*Lm*Fsw)*V48_Nom),(AF18/(Fsw*Lm))*(V48_Nom-V12_Nom),(AH18/2)+$O18) -> 15.191489 | AJ18: =IF($O18<((V48_Nom-V12_Max)*V12_Max)/((2*Lm*Fsw)*V48_Nom),SQRT((2*$O18*Lm*Fsw*V12_Max)/(V48_Nom*(V48_Nom-V12_Max))),(V12_Max/V48_Nom)) -> 0.52 | AK18: =IF($O18<((V48_Nom-V12_Max)*V12_Max)/((2*Lm*Fsw)*V48_Nom),SQRT((2*$O18*Lm*Fsw*V12_Max)/(V48_Nom*(V48_Nom-V12_Max)))*((V48_Nom-V12_Max)/(V12_Max)),1-(V12_Max/V48_Nom)) -> 0.48 | AL18: =IF($O18<((V48_Nom-V12_Max)*V12_Max)/((2*Lm*Fsw)*V48_Nom),(AJ18/(Fsw*Lm))*(V48_Nom-V12_Max),((AJ18/(Fsw*Lm))*(V48_Nom-V12_Max))) -> 6.6382979 | AM18: =IF($O18<((V48_Nom-V12_Max)*V12_Max)/((2*Lm*Fsw)*V48_Nom),(AJ18/(Fsw*Lm))*(V48_Nom-V12_Max),(AL18/2)+$O18) -> 15.319149
N19: 0.013 | O19: =N19/Rcs -> 13 | P19: =IF($O19<((V48_Min-V12_Nom)*V12_Nom)/((2*Lm*Fsw)*V48_Min),SQRT((2*$O19*Lm*Fsw*V12_Nom)/(V48_Min*(V48_Min-V12_Nom))),(V12_Nom/V48_Min)) -> 0.66666667 | Q19: =IF($O19<((V48_Min-V12_Nom)*V12_Nom)/((2*Lm*Fsw)*V48_Min),SQRT((2*$O19*Lm*Fsw*V12_Nom)/(V48_Min*(V48_Min-V12_Nom)))*((V48_Min-V12_Nom)/(V12_Nom)),1-(V12_Nom/V48_Min)) -> 0.33333333 | R19: =IF($O19<((V48_Min-V12_Nom)*V12_Nom)/((2*Lm*Fsw)*V48_Min),(P19/(Fsw*Lm))*(V48_Min-V12_Nom),((P19/(Fsw*Lm))*(V48_Min-V12_Nom))) -> 3.5460993 | S19: =IF($O19<((V48_Min-V12_Nom)*V12_Nom)/((2*Lm*Fsw)*V48_Min),(P19/(Fsw*Lm))*(V48_Min-V12_Nom),(R19/2)+$O19) -> 14.77305 | T19: =IF($O19<((V48_Nom-V12_Nom)*V12_Nom)/((2*Lm*Fsw)*V48_Nom),SQRT((2*$O19*Lm*Fsw*V12_Nom)/(V48_Nom*(V48_Nom-V12_Nom))),(V12_Nom/V48_Nom)) -> 0.4 | U19: =IF($O19<((V48_Nom-V12_Nom)*V12_Nom)/((2*Lm*Fsw)*V48_Nom),SQRT((2*$O19*Lm*Fsw*V12_Nom)/(V48_Nom*(V48_Nom-V12_Nom)))*((V48_Nom-V12_Nom)/(V12_Nom)),1-(V12_Nom/V48_Nom)) -> 0.6 | V19: =IF($O19<((V48_Nom-V12_Nom)*V12_Nom)/((2*Lm*Fsw)*V48_Nom),(T19/(Fsw*Lm))*(V48_Nom-V12_Nom),((T19/(Fsw*Lm))*(V48_Nom-V12_Nom))) -> 6.3829787 | W19: =IF($O19<((V48_Nom-V12_Nom)*V12_Nom)/((2*Lm*Fsw)*V48_Nom),(T19/(Fsw*Lm))*(V48_Nom-V12_Nom),(V19/2)+$O19) -> 16.191489 | X19: =IF($O19<((V48_Max-V12_Nom)*V12_Nom)/((2*Lm*Fsw)*V48_Max),SQRT((2*$O19*Lm*Fsw*V12_Nom)/(V48_Max*(V48_Max-V12_Nom))),(V12_Nom/V48_Max)) -> 0.23529412 | Y19: =IF($O19<((V48_Max-V12_Nom)*V12_Nom)/((2*Lm*Fsw)*V48_Max),SQRT((2*$O19*Lm*Fsw*V12_Nom)/(V48_Max*(V48_Max-V12_Nom)))*((V48_Max-V12_Nom)/(V12_Nom)),1-(V12_Nom/V48_Max)) -> 0.76470588 | Z19: =IF($O19<((V48_Max-V12_Nom)*V12_Nom)/((2*Lm*Fsw)*V48_Max),(X19/(Fsw*Lm))*(V48_Max-V12_Nom),((X19/(Fsw*Lm))*(V48_Max-V12_Nom))) -> 8.135169 | AA19: =IF($O19<((V48_Max-V12_Nom)*V12_Nom)/((2*Lm*Fsw)*V48_Max),(X19/(Fsw*Lm))*(V48_Max-V12_Nom),(Z19/2)+$O19) -> 17.067584 | AB19: =IF($O19<((V48_Nom-V12_Min)*V12_Min)/((2*Lm*Fsw)*V48_Nom),SQRT((2*$O19*Lm*Fsw*V12_Min)/(V48_Nom*(V48_Nom-V12_Min))),(V12_Min/V48_Nom)) -> 0.37 | AC19: =IF($O19<((V48_Nom-V12_Min)*V12_Min)/((2*Lm*Fsw)*V48_Nom),SQRT((2*$O19*Lm*Fsw*V12_Min)/(V48_Nom*(V48_Nom-V12_Min)))*((V48_Nom-V12_Min)/(V12_Min)),1-(V12_Min/V48_Nom)) -> 0.63 | AD19: =IF($O19<((V48_Nom-V12_Min)*V12_Min)/((2*Lm*Fsw)*V48_Nom),(AB19/(Fsw*Lm))*(V48_Nom-V12_Min),((AB19/(Fsw*Lm))*(V48_Nom-V12_Min))) -> 6.1994681 | AE19: =IF($O19<((V48_Nom-V12_Min)*V12_Min)/((2*Lm*Fsw)*V48_Nom),(AB19/(Fsw*Lm))*(V48_Nom-V12_Min),(AD19/2)+$O19) -> 16.099734 | AF19: =IF($O19<((V48_Nom-V12_Nom)*V12_Nom)/((2*Lm*Fsw)*V48_Nom),SQRT((2*$O19*Lm*Fsw*V12_Nom)/(V48_Nom*(V48_Nom-V12_Nom))),(V12_Nom/V48_Nom)) -> 0.4 | AG19: =IF($O19<((V48_Nom-V12_Nom)*V12_Nom)/((2*Lm*Fsw)*V48_Nom),SQRT((2*$O19*Lm*Fsw*V12_Nom)/(V48_Nom*(V48_Nom-V12_Nom)))*((V48_Nom-V12_Nom)/(V12_Nom)),1-(V12_Nom/V48_Nom)) -> 0.6 | AH19: =IF($O19<((V48_Nom-V12_Nom)*V12_Nom)/((2*Lm*Fsw)*V48_Nom),(AF19/(Fsw*Lm))*(V48_Nom-V12_Nom),((AF19/(Fsw*Lm))*(V48_Nom-V12_Nom))) -> 6.3829787 | AI19: =IF($O19<((V48_Nom-V12_Nom)*V12_Nom)/((2*Lm*Fsw)*V48_Nom),(AF19/(Fsw*Lm))*(V48_Nom-V12_Nom),(AH19/2)+$O19) -> 16.191489 | AJ19: =IF($O19<((V48_Nom-V12_Max)*V12_Max)/((2*Lm*Fsw)*V48_Nom),SQRT((2*$O19*Lm*Fsw*V12_Max)/(V48_Nom*(V48_Nom-V12_Max))),(V12_Max/V48_Nom)) -> 0.52 | AK19: =IF($O19<((V48_Nom-V12_Max)*V12_Max)/((2*Lm*Fsw)*V48_Nom),SQRT((2*$O19*Lm*Fsw*V12_Max)/(V48_Nom*(V48_Nom-V12_Max)))*((V48_Nom-V12_Max)/(V12_Max)),1-(V12_Max/V48_Nom)) -> 0.48 | AL19: =IF($O19<((V48_Nom-V12_Max)*V12_Max)/((2*Lm*Fsw)*V48_Nom),(AJ19/(Fsw*Lm))*(V48_Nom-V12_Max),((AJ19/(Fsw*Lm))*(V48_Nom-V12_Max))) -> 6.6382979 | AM19: =IF($O19<((V48_Nom-V12_Max)*V12_Max)/((2*Lm*Fsw)*V48_Nom),(AJ19/(Fsw*Lm))*(V48_Nom-V12_Max),(AL19/2)+$O19) -> 16.319149
N20: 0.014 | O20: =N20/Rcs -> 14 | P20: =IF($O20<((V48_Min-V12_Nom)*V12_Nom)/((2*Lm*Fsw)*V48_Min),SQRT((2*$O20*Lm*Fsw*V12_Nom)/(V48_Min*(V48_Min-V12_Nom))),(V12_Nom/V48_Min)) -> 0.66666667 | Q20: =IF($O20<((V48_Min-V12_Nom)*V12_Nom)/((2*Lm*Fsw)*V48_Min),SQRT((2*$O20*Lm*Fsw*V12_Nom)/(V48_Min*(V48_Min-V12_Nom)))*((V48_Min-V12_Nom)/(V12_Nom)),1-(V12_Nom/V48_Min)) -> 0.33333333 | R20: =IF($O20<((V48_Min-V12_Nom)*V12_Nom)/((2*Lm*Fsw)*V48_Min),(P20/(Fsw*Lm))*(V48_Min-V12_Nom),((P20/(Fsw*Lm))*(V48_Min-V12_Nom))) -> 3.5460993 | S20: =IF($O20<((V48_Min-V12_Nom)*V12_Nom)/((2*Lm*Fsw)*V48_Min),(P20/(Fsw*Lm))*(V48_Min-V12_Nom),(R20/2)+$O20) -> 15.77305 | T20: =IF($O20<((V48_Nom-V12_Nom)*V12_Nom)/((2*Lm*Fsw)*V48_Nom),SQRT((2*$O20*Lm*Fsw*V12_Nom)/(V48_Nom*(V48_Nom-V12_Nom))),(V12_Nom/V48_Nom)) -> 0.4 | U20: =IF($O20<((V48_Nom-V12_Nom)*V12_Nom)/((2*Lm*Fsw)*V48_Nom),SQRT((2*$O20*Lm*Fsw*V12_Nom)/(V48_Nom*(V48_Nom-V12_Nom)))*((V48_Nom-V12_Nom)/(V12_Nom)),1-(V12_Nom/V48_Nom)) -> 0.6 | V20: =IF($O20<((V48_Nom-V12_Nom)*V12_Nom)/((2*Lm*Fsw)*V48_Nom),(T20/(Fsw*Lm))*(V48_Nom-V12_Nom),((T20/(Fsw*Lm))*(V48_Nom-V12_Nom))) -> 6.3829787 | W20: =IF($O20<((V48_Nom-V12_Nom)*V12_Nom)/((2*Lm*Fsw)*V48_Nom),(T20/(Fsw*Lm))*(V48_Nom-V12_Nom),(V20/2)+$O20) -> 17.191489 | X20: =IF($O20<((V48_Max-V12_Nom)*V12_Nom)/((2*Lm*Fsw)*V48_Max),SQRT((2*$O20*Lm*Fsw*V12_Nom)/(V48_Max*(V48_Max-V12_Nom))),(V12_Nom/V48_Max)) -> 0.23529412 | Y20: =IF($O20<((V48_Max-V12_Nom)*V12_Nom)/((2*Lm*Fsw)*V48_Max),SQRT((2*$O20*Lm*Fsw*V12_Nom)/(V48_Max*(V48_Max-V12_Nom)))*((V48_Max-V12_Nom)/(V12_Nom)),1-(V12_Nom/V48_Max)) -> 0.76470588 | Z20: =IF($O20<((V48_Max-V12_Nom)*V12_Nom)/((2*Lm*Fsw)*V48_Max),(X20/(Fsw*Lm))*(V48_Max-V12_Nom),((X20/(Fsw*Lm))*(V48_Max-V12_Nom))) -> 8.135169 | AA20: =IF($O20<((V48_Max-V12_Nom)*V12_Nom)/((2*Lm*Fsw)*V48_Max),(X20/(Fsw*Lm))*(V48_Max-V12_Nom),(Z20/2)+$O20) -> 18.067584 | AB20: =IF($O20<((V48_Nom-V12_Min)*V12_Min)/((2*Lm*Fsw)*V48_Nom),SQRT((2*$O20*Lm*Fsw*V12_Min)/(V48_Nom*(V48_Nom-V12_Min))),(V12_Min/V48_Nom)) -> 0.37 | AC20: =IF($O20<((V48_Nom-V12_Min)*V12_Min)/((2*Lm*Fsw)*V48_Nom),SQRT((2*$O20*Lm*Fsw*V12_Min)/(V48_Nom*(V48_Nom-V12_Min)))*((V48_Nom-V12_Min)/(V12_Min)),1-(V12_Min/V48_Nom)) -> 0.63 | AD20: =IF($O20<((V48_Nom-V12_Min)*V12_Min)/((2*Lm*Fsw)*V48_Nom),(AB20/(Fsw*Lm))*(V48_Nom-V12_Min),((AB20/(Fsw*Lm))*(V48_Nom-V12_Min))) -> 6.1994681 | AE20: =IF($O20<((V48_Nom-V12_Min)*V12_Min)/((2*Lm*Fsw)*V48_Nom),(AB20/(Fsw*Lm))*(V48_Nom-V12_Min),(AD20/2)+$O20) -> 17.099734 | AF20: =IF($O20<((V48_Nom-V12_Nom)*V12_Nom)/((2*Lm*Fsw)*V48_Nom),SQRT((2*$O20*Lm*Fsw*V12_Nom)/(V48_Nom*(V48_Nom-V12_Nom))),(V12_Nom/V48_Nom)) -> 0.4 | AG20: =IF($O20<((V48_Nom-V12_Nom)*V12_Nom)/((2*Lm*Fsw)*V48_Nom),SQRT((2*$O20*Lm*Fsw*V12_Nom)/(V48_Nom*(V48_Nom-V12_Nom)))*((V48_Nom-V12_Nom)/(V12_Nom)),1-(V12_Nom/V48_Nom)) -> 0.6 | AH20: =IF($O20<((V48_Nom-V12_Nom)*V12_Nom)/((2*Lm*Fsw)*V48_Nom),(AF20/(Fsw*Lm))*(V48_Nom-V12_Nom),((AF20/(Fsw*Lm))*(V48_Nom-V12_Nom))) -> 6.3829787 | AI20: =IF($O20<((V48_Nom-V12_Nom)*V12_Nom)/((2*Lm*Fsw)*V48_Nom),(AF20/(Fsw*Lm))*(V48_Nom-V12_Nom),(AH20/2)+$O20) -> 17.191489 | AJ20: =IF($O20<((V48_Nom-V12_Max)*V12_Max)/((2*Lm*Fsw)*V48_Nom),SQRT((2*$O20*Lm*Fsw*V12_Max)/(V48_Nom*(V48_Nom-V12_Max))),(V12_Max/V48_Nom)) -> 0.52 | AK20: =IF($O20<((V48_Nom-V12_Max)*V12_Max)/((2*Lm*Fsw)*V48_Nom),SQRT((2*$O20*Lm*Fsw*V12_Max)/(V48_Nom*(V48_Nom-V12_Max)))*((V48_Nom-V12_Max)/(V12_Max)),1-(V12_Max/V48_Nom)) -> 0.48 | AL20: =IF($O20<((V48_Nom-V12_Max)*V12_Max)/((2*Lm*Fsw)*V48_Nom),(AJ20/(Fsw*Lm))*(V48_Nom-V12_Max),((AJ20/(Fsw*Lm))*(V48_Nom-V12_Max))) -> 6.6382979 | AM20: =IF($O20<((V48_Nom-V12_Max)*V12_Max)/((2*Lm*Fsw)*V48_Nom),(AJ20/(Fsw*Lm))*(V48_Nom-V12_Max),(AL20/2)+$O20) -> 17.319149
A21: Current Selection | N21: 0.015 | O21: =N21/Rcs -> 15 | P21: =IF($O21<((V48_Min-V12_Nom)*V12_Nom)/((2*Lm*Fsw)*V48_Min),SQRT((2*$O21*Lm*Fsw*V12_Nom)/(V48_Min*(V48_Min-V12_Nom))),(V12_Nom/V48_Min)) -> 0.66666667 | Q21: =IF($O21<((V48_Min-V12_Nom)*V12_Nom)/((2*Lm*Fsw)*V48_Min),SQRT((2*$O21*Lm*Fsw*V12_Nom)/(V48_Min*(V48_Min-V12_Nom)))*((V48_Min-V12_Nom)/(V12_Nom)),1-(V12_Nom/V48_Min)) -> 0.33333333 | R21: =IF($O21<((V48_Min-V12_Nom)*V12_Nom)/((2*Lm*Fsw)*V48_Min),(P21/(Fsw*Lm))*(V48_Min-V12_Nom),((P21/(Fsw*Lm))*(V48_Min-V12_Nom))) -> 3.5460993 | S21: =IF($O21<((V48_Min-V12_Nom)*V12_Nom)/((2*Lm*Fsw)*V48_Min),(P21/(Fsw*Lm))*(V48_Min-V12_Nom),(R21/2)+$O21) -> 16.77305 | T21: =IF($O21<((V48_Nom-V12_Nom)*V12_Nom)/((2*Lm*Fsw)*V48_Nom),SQRT((2*$O21*Lm*Fsw*V12_Nom)/(V48_Nom*(V48_Nom-V12_Nom))),(V12_Nom/V48_Nom)) -> 0.4 | U21: =IF($O21<((V48_Nom-V12_Nom)*V12_Nom)/((2*Lm*Fsw)*V48_Nom),SQRT((2*$O21*Lm*Fsw*V12_Nom)/(V48_Nom*(V48_Nom-V12_Nom)))*((V48_Nom-V12_Nom)/(V12_Nom)),1-(V12_Nom/V48_Nom)) -> 0.6 | V21: =IF($O21<((V48_Nom-V12_Nom)*V12_Nom)/((2*Lm*Fsw)*V48_Nom),(T21/(Fsw*Lm))*(V48_Nom-V12_Nom),((T21/(Fsw*Lm))*(V48_Nom-V12_Nom))) -> 6.3829787 | W21: =IF($O21<((V48_Nom-V12_Nom)*V12_Nom)/((2*Lm*Fsw)*V48_Nom),(T21/(Fsw*Lm))*(V48_Nom-V12_Nom),(V21/2)+$O21) -> 18.191489 | X21: =IF($O21<((V48_Max-V12_Nom)*V12_Nom)/((2*Lm*Fsw)*V48_Max),SQRT((2*$O21*Lm*Fsw*V12_Nom)/(V48_Max*(V48_Max-V12_Nom))),(V12_Nom/V48_Max)) -> 0.23529412 | Y21: =IF($O21<((V48_Max-V12_Nom)*V12_Nom)/((2*Lm*Fsw)*V48_Max),SQRT((2*$O21*Lm*Fsw*V12_Nom)/(V48_Max*(V48_Max-V12_Nom)))*((V48_Max-V12_Nom)/(V12_Nom)),1-(V12_Nom/V48_Max)) -> 0.76470588 | Z21: =IF($O21<((V48_Max-V12_Nom)*V12_Nom)/((2*Lm*Fsw)*V48_Max),(X21/(Fsw*Lm))*(V48_Max-V12_Nom),((X21/(Fsw*Lm))*(V48_Max-V12_Nom))) -> 8.135169 | AA21: =IF($O21<((V48_Max-V12_Nom)*V12_Nom)/((2*Lm*Fsw)*V48_Max),(X21/(Fsw*Lm))*(V48_Max-V12_Nom),(Z21/2)+$O21) -> 19.067584 | AB21: =IF($O21<((V48_Nom-V12_Min)*V12_Min)/((2*Lm*Fsw)*V48_Nom),SQRT((2*$O21*Lm*Fsw*V12_Min)/(V48_Nom*(V48_Nom-V12_Min))),(V12_Min/V48_Nom)) -> 0.37 | AC21: =IF($O21<((V48_Nom-V12_Min)*V12_Min)/((2*Lm*Fsw)*V48_Nom),SQRT((2*$O21*Lm*Fsw*V12_Min)/(V48_Nom*(V48_Nom-V12_Min)))*((V48_Nom-V12_Min)/(V12_Min)),1-(V12_Min/V48_Nom)) -> 0.63 | AD21: =IF($O21<((V48_Nom-V12_Min)*V12_Min)/((2*Lm*Fsw)*V48_Nom),(AB21/(Fsw*Lm))*(V48_Nom-V12_Min),((AB21/(Fsw*Lm))*(V48_Nom-V12_Min))) -> 6.1994681 | AE21: =IF($O21<((V48_Nom-V12_Min)*V12_Min)/((2*Lm*Fsw)*V48_Nom),(AB21/(Fsw*Lm))*(V48_Nom-V12_Min),(AD21/2)+$O21) -> 18.099734 | AF21: =IF($O21<((V48_Nom-V12_Nom)*V12_Nom)/((2*Lm*Fsw)*V48_Nom),SQRT((2*$O21*Lm*Fsw*V12_Nom)/(V48_Nom*(V48_Nom-V12_Nom))),(V12_Nom/V48_Nom)) -> 0.4 | AG21: =IF($O21<((V48_Nom-V12_Nom)*V12_Nom)/((2*Lm*Fsw)*V48_Nom),SQRT((2*$O21*Lm*Fsw*V12_Nom)/(V48_Nom*(V48_Nom-V12_Nom)))*((V48_Nom-V12_Nom)/(V12_Nom)),1-(V12_Nom/V48_Nom)) -> 0.6 | AH21: =IF($O21<((V48_Nom-V12_Nom)*V12_Nom)/((2*Lm*Fsw)*V48_Nom),(AF21/(Fsw*Lm))*(V48_Nom-V12_Nom),((AF21/(Fsw*Lm))*(V48_Nom-V12_Nom))) -> 6.3829787 | AI21: =IF($O21<((V48_Nom-V12_Nom)*V12_Nom)/((2*Lm*Fsw)*V48_Nom),(AF21/(Fsw*Lm))*(V48_Nom-V12_Nom),(AH21/2)+$O21) -> 18.191489 | AJ21: =IF($O21<((V48_Nom-V12_Max)*V12_Max)/((2*Lm*Fsw)*V48_Nom),SQRT((2*$O21*Lm*Fsw*V12_Max)/(V48_Nom*(V48_Nom-V12_Max))),(V12_Max/V48_Nom)) -> 0.52 | AK21: =IF($O21<((V48_Nom-V12_Max)*V12_Max)/((2*Lm*Fsw)*V48_Nom),SQRT((2*$O21*Lm*Fsw*V12_Max)/(V48_Nom*(V48_Nom-V12_Max)))*((V48_Nom-V12_Max)/(V12_Max)),1-(V12_Max/V48_Nom)) -> 0.48 | AL21: =IF($O21<((V48_Nom-V12_Max)*V12_Max)/((2*Lm*Fsw)*V48_Nom),(AJ21/(Fsw*Lm))*(V48_Nom-V12_Max),((AJ21/(Fsw*Lm))*(V48_Nom-V12_Max))) -> 6.6382979 | AM21: =IF($O21<((V48_Nom-V12_Max)*V12_Max)/((2*Lm*Fsw)*V48_Nom),(AJ21/(Fsw*Lm))*(V48_Nom-V12_Max),(AL21/2)+$O21) -> 18.319149
A22: V12 Output Current | B22: =Design_Converter!B26 -> 45 | C22: A | N22: 0.016 | O22: =N22/Rcs -> 16 | P22: =IF($O22<((V48_Min-V12_Nom)*V12_Nom)/((2*Lm*Fsw)*V48_Min),SQRT((2*$O22*Lm*Fsw*V12_Nom)/(V48_Min*(V48_Min-V12_Nom))),(V12_Nom/V48_Min)) -> 0.66666667 | Q22: =IF($O22<((V48_Min-V12_Nom)*V12_Nom)/((2*Lm*Fsw)*V48_Min),SQRT((2*$O22*Lm*Fsw*V12_Nom)/(V48_Min*(V48_Min-V12_Nom)))*((V48_Min-V12_Nom)/(V12_Nom)),1-(V12_Nom/V48_Min)) -> 0.33333333 | R22: =IF($O22<((V48_Min-V12_Nom)*V12_Nom)/((2*Lm*Fsw)*V48_Min),(P22/(Fsw*Lm))*(V48_Min-V12_Nom),((P22/(Fsw*Lm))*(V48_Min-V12_Nom))) -> 3.5460993 | S22: =IF($O22<((V48_Min-V12_Nom)*V12_Nom)/((2*Lm*Fsw)*V48_Min),(P22/(Fsw*Lm))*(V48_Min-V12_Nom),(R22/2)+$O22) -> 17.77305 | T22: =IF($O22<((V48_Nom-V12_Nom)*V12_Nom)/((2*Lm*Fsw)*V48_Nom),SQRT((2*$O22*Lm*Fsw*V12_Nom)/(V48_Nom*(V48_Nom-V12_Nom))),(V12_Nom/V48_Nom)) -> 0.4 | U22: =IF($O22<((V48_Nom-V12_Nom)*V12_Nom)/((2*Lm*Fsw)*V48_Nom),SQRT((2*$O22*Lm*Fsw*V12_Nom)/(V48_Nom*(V48_Nom-V12_Nom)))*((V48_Nom-V12_Nom)/(V12_Nom)),1-(V12_Nom/V48_Nom)) -> 0.6 | V22: =IF($O22<((V48_Nom-V12_Nom)*V12_Nom)/((2*Lm*Fsw)*V48_Nom),(T22/(Fsw*Lm))*(V48_Nom-V12_Nom),((T22/(Fsw*Lm))*(V48_Nom-V12_Nom))) -> 6.3829787 | W22: =IF($O22<((V48_Nom-V12_Nom)*V12_Nom)/((2*Lm*Fsw)*V48_Nom),(T22/(Fsw*Lm))*(V48_Nom-V12_Nom),(V22/2)+$O22) -> 19.191489 | X22: =IF($O22<((V48_Max-V12_Nom)*V12_Nom)/((2*Lm*Fsw)*V48_Max),SQRT((2*$O22*Lm*Fsw*V12_Nom)/(V48_Max*(V48_Max-V12_Nom))),(V12_Nom/V48_Max)) -> 0.23529412 | Y22: =IF($O22<((V48_Max-V12_Nom)*V12_Nom)/((2*Lm*Fsw)*V48_Max),SQRT((2*$O22*Lm*Fsw*V12_Nom)/(V48_Max*(V48_Max-V12_Nom)))*((V48_Max-V12_Nom)/(V12_Nom)),1-(V12_Nom/V48_Max)) -> 0.76470588 | Z22: =IF($O22<((V48_Max-V12_Nom)*V12_Nom)/((2*Lm*Fsw)*V48_Max),(X22/(Fsw*Lm))*(V48_Max-V12_Nom),((X22/(Fsw*Lm))*(V48_Max-V12_Nom))) -> 8.135169 | AA22: =IF($O22<((V48_Max-V12_Nom)*V12_Nom)/((2*Lm*Fsw)*V48_Max),(X22/(Fsw*Lm))*(V48_Max-V12_Nom),(Z22/2)+$O22) -> 20.067584 | AB22: =IF($O22<((V48_Nom-V12_Min)*V12_Min)/((2*Lm*Fsw)*V48_Nom),SQRT((2*$O22*Lm*Fsw*V12_Min)/(V48_Nom*(V48_Nom-V12_Min))),(V12_Min/V48_Nom)) -> 0.37 | AC22: =IF($O22<((V48_Nom-V12_Min)*V12_Min)/((2*Lm*Fsw)*V48_Nom),SQRT((2*$O22*Lm*Fsw*V12_Min)/(V48_Nom*(V48_Nom-V12_Min)))*((V48_Nom-V12_Min)/(V12_Min)),1-(V12_Min/V48_Nom)) -> 0.63 | AD22: =IF($O22<((V48_Nom-V12_Min)*V12_Min)/((2*Lm*Fsw)*V48_Nom),(AB22/(Fsw*Lm))*(V48_Nom-V12_Min),((AB22/(Fsw*Lm))*(V48_Nom-V12_Min))) -> 6.1994681 | AE22: =IF($O22<((V48_Nom-V12_Min)*V12_Min)/((2*Lm*Fsw)*V48_Nom),(AB22/(Fsw*Lm))*(V48_Nom-V12_Min),(AD22/2)+$O22) -> 19.099734 | AF22: =IF($O22<((V48_Nom-V12_Nom)*V12_Nom)/((2*Lm*Fsw)*V48_Nom),SQRT((2*$O22*Lm*Fsw*V12_Nom)/(V48_Nom*(V48_Nom-V12_Nom))),(V12_Nom/V48_Nom)) -> 0.4 | AG22: =IF($O22<((V48_Nom-V12_Nom)*V12_Nom)/((2*Lm*Fsw)*V48_Nom),SQRT((2*$O22*Lm*Fsw*V12_Nom)/(V48_Nom*(V48_Nom-V12_Nom)))*((V48_Nom-V12_Nom)/(V12_Nom)),1-(V12_Nom/V48_Nom)) -> 0.6 | AH22: =IF($O22<((V48_Nom-V12_Nom)*V12_Nom)/((2*Lm*Fsw)*V48_Nom),(AF22/(Fsw*Lm))*(V48_Nom-V12_Nom),((AF22/(Fsw*Lm))*(V48_Nom-V12_Nom))) -> 6.3829787 | AI22: =IF($O22<((V48_Nom-V12_Nom)*V12_Nom)/((2*Lm*Fsw)*V48_Nom),(AF22/(Fsw*Lm))*(V48_Nom-V12_Nom),(AH22/2)+$O22) -> 19.191489 | AJ22: =IF($O22<((V48_Nom-V12_Max)*V12_Max)/((2*Lm*Fsw)*V48_Nom),SQRT((2*$O22*Lm*Fsw*V12_Max)/(V48_Nom*(V48_Nom-V12_Max))),(V12_Max/V48_Nom)) -> 0.52 | AK22: =IF($O22<((V48_Nom-V12_Max)*V12_Max)/((2*Lm*Fsw)*V48_Nom),SQRT((2*$O22*Lm*Fsw*V12_Max)/(V48_Nom*(V48_Nom-V12_Max)))*((V48_Nom-V12_Max)/(V12_Max)),1-(V12_Max/V48_Nom)) -> 0.48 | AL22: =IF($O22<((V48_Nom-V12_Max)*V12_Max)/((2*Lm*Fsw)*V48_Nom),(AJ22/(Fsw*Lm))*(V48_Nom-V12_Max),((AJ22/(Fsw*Lm))*(V48_Nom-V12_Max))) -> 6.6382979 | AM22: =IF($O22<((V48_Nom-V12_Max)*V12_Max)/((2*Lm*Fsw)*V48_Nom),(AJ22/(Fsw*Lm))*(V48_Nom-V12_Max),(AL22/2)+$O22) -> 19.319149
A23: V48 Output Current (Max) | B23: =(V12_Max/V48_Min)*B22 -> 39 | C23: A | E23: Occurs at V12=(V12_Max) and V48=(V48_Max) | N23: 0.017 | O23: =N23/Rcs -> 17 | P23: =IF($O23<((V48_Min-V12_Nom)*V12_Nom)/((2*Lm*Fsw)*V48_Min),SQRT((2*$O23*Lm*Fsw*V12_Nom)/(V48_Min*(V48_Min-V12_Nom))),(V12_Nom/V48_Min)) -> 0.66666667 | Q23: =IF($O23<((V48_Min-V12_Nom)*V12_Nom)/((2*Lm*Fsw)*V48_Min),SQRT((2*$O23*Lm*Fsw*V12_Nom)/(V48_Min*(V48_Min-V12_Nom)))*((V48_Min-V12_Nom)/(V12_Nom)),1-(V12_Nom/V48_Min)) -> 0.33333333 | R23: =IF($O23<((V48_Min-V12_Nom)*V12_Nom)/((2*Lm*Fsw)*V48_Min),(P23/(Fsw*Lm))*(V48_Min-V12_Nom),((P23/(Fsw*Lm))*(V48_Min-V12_Nom))) -> 3.5460993 | S23: =IF($O23<((V48_Min-V12_Nom)*V12_Nom)/((2*Lm*Fsw)*V48_Min),(P23/(Fsw*Lm))*(V48_Min-V12_Nom),(R23/2)+$O23) -> 18.77305 | T23: =IF($O23<((V48_Nom-V12_Nom)*V12_Nom)/((2*Lm*Fsw)*V48_Nom),SQRT((2*$O23*Lm*Fsw*V12_Nom)/(V48_Nom*(V48_Nom-V12_Nom))),(V12_Nom/V48_Nom)) -> 0.4 | U23: =IF($O23<((V48_Nom-V12_Nom)*V12_Nom)/((2*Lm*Fsw)*V48_Nom),SQRT((2*$O23*Lm*Fsw*V12_Nom)/(V48_Nom*(V48_Nom-V12_Nom)))*((V48_Nom-V12_Nom)/(V12_Nom)),1-(V12_Nom/V48_Nom)) -> 0.6 | V23: =IF($O23<((V48_Nom-V12_Nom)*V12_Nom)/((2*Lm*Fsw)*V48_Nom),(T23/(Fsw*Lm))*(V48_Nom-V12_Nom),((T23/(Fsw*Lm))*(V48_Nom-V12_Nom))) -> 6.3829787 | W23: =IF($O23<((V48_Nom-V12_Nom)*V12_Nom)/((2*Lm*Fsw)*V48_Nom),(T23/(Fsw*Lm))*(V48_Nom-V12_Nom),(V23/2)+$O23) -> 20.191489 | X23: =IF($O23<((V48_Max-V12_Nom)*V12_Nom)/((2*Lm*Fsw)*V48_Max),SQRT((2*$O23*Lm*Fsw*V12_Nom)/(V48_Max*(V48_Max-V12_Nom))),(V12_Nom/V48_Max)) -> 0.23529412 | Y23: =IF($O23<((V48_Max-V12_Nom)*V12_Nom)/((2*Lm*Fsw)*V48_Max),SQRT((2*$O23*Lm*Fsw*V12_Nom)/(V48_Max*(V48_Max-V12_Nom)))*((V48_Max-V12_Nom)/(V12_Nom)),1-(V12_Nom/V48_Max)) -> 0.76470588 | Z23: =IF($O23<((V48_Max-V12_Nom)*V12_Nom)/((2*Lm*Fsw)*V48_Max),(X23/(Fsw*Lm))*(V48_Max-V12_Nom),((X23/(Fsw*Lm))*(V48_Max-V12_Nom))) -> 8.135169 | AA23: =IF($O23<((V48_Max-V12_Nom)*V12_Nom)/((2*Lm*Fsw)*V48_Max),(X23/(Fsw*Lm))*(V48_Max-V12_Nom),(Z23/2)+$O23) -> 21.067584 | AB23: =IF($O23<((V48_Nom-V12_Min)*V12_Min)/((2*Lm*Fsw)*V48_Nom),SQRT((2*$O23*Lm*Fsw*V12_Min)/(V48_Nom*(V48_Nom-V12_Min))),(V12_Min/V48_Nom)) -> 0.37 | AC23: =IF($O23<((V48_Nom-V12_Min)*V12_Min)/((2*Lm*Fsw)*V48_Nom),SQRT((2*$O23*Lm*Fsw*V12_Min)/(V48_Nom*(V48_Nom-V12_Min)))*((V48_Nom-V12_Min)/(V12_Min)),1-(V12_Min/V48_Nom)) -> 0.63 | AD23: =IF($O23<((V48_Nom-V12_Min)*V12_Min)/((2*Lm*Fsw)*V48_Nom),(AB23/(Fsw*Lm))*(V48_Nom-V12_Min),((AB23/(Fsw*Lm))*(V48_Nom-V12_Min))) -> 6.1994681 | AE23: =IF($O23<((V48_Nom-V12_Min)*V12_Min)/((2*Lm*Fsw)*V48_Nom),(AB23/(Fsw*Lm))*(V48_Nom-V12_Min),(AD23/2)+$O23) -> 20.099734 | AF23: =IF($O23<((V48_Nom-V12_Nom)*V12_Nom)/((2*Lm*Fsw)*V48_Nom),SQRT((2*$O23*Lm*Fsw*V12_Nom)/(V48_Nom*(V48_Nom-V12_Nom))),(V12_Nom/V48_Nom)) -> 0.4 | AG23: =IF($O23<((V48_Nom-V12_Nom)*V12_Nom)/((2*Lm*Fsw)*V48_Nom),SQRT((2*$O23*Lm*Fsw*V12_Nom)/(V48_Nom*(V48_Nom-V12_Nom)))*((V48_Nom-V12_Nom)/(V12_Nom)),1-(V12_Nom/V48_Nom)) -> 0.6 | AH23: =IF($O23<((V48_Nom-V12_Nom)*V12_Nom)/((2*Lm*Fsw)*V48_Nom),(AF23/(Fsw*Lm))*(V48_Nom-V12_Nom),((AF23/(Fsw*Lm))*(V48_Nom-V12_Nom))) -> 6.3829787 | AI23: =IF($O23<((V48_Nom-V12_Nom)*V12_Nom)/((2*Lm*Fsw)*V48_Nom),(AF23/(Fsw*Lm))*(V48_Nom-V12_Nom),(AH23/2)+$O23) -> 20.191489 | AJ23: =IF($O23<((V48_Nom-V12_Max)*V12_Max)/((2*Lm*Fsw)*V48_Nom),SQRT((2*$O23*Lm*Fsw*V12_Max)/(V48_Nom*(V48_Nom-V12_Max))),(V12_Max/V48_Nom)) -> 0.52 | AK23: =IF($O23<((V48_Nom-V12_Max)*V12_Max)/((2*Lm*Fsw)*V48_Nom),SQRT((2*$O23*Lm*Fsw*V12_Max)/(V48_Nom*(V48_Nom-V12_Max)))*((V48_Nom-V12_Max)/(V12_Max)),1-(V12_Max/V48_Nom)) -> 0.48 | AL23: =IF($O23<((V48_Nom-V12_Max)*V12_Max)/((2*Lm*Fsw)*V48_Nom),(AJ23/(Fsw*Lm))*(V48_Nom-V12_Max),((AJ23/(Fsw*Lm))*(V48_Nom-V12_Max))) -> 6.6382979 | AM23: =IF($O23<((V48_Nom-V12_Max)*V12_Max)/((2*Lm*Fsw)*V48_Nom),(AJ23/(Fsw*Lm))*(V48_Nom-V12_Max),(AL23/2)+$O23) -> 20.319149
A24: Number of Phase | B24: =Design_Converter!B25 -> 2 | E24: This is the number of phases that the total design will use | N24: 0.018 | O24: =N24/Rcs -> 18 | P24: =IF($O24<((V48_Min-V12_Nom)*V12_Nom)/((2*Lm*Fsw)*V48_Min),SQRT((2*$O24*Lm*Fsw*V12_Nom)/(V48_Min*(V48_Min-V12_Nom))),(V12_Nom/V48_Min)) -> 0.66666667 | Q24: =IF($O24<((V48_Min-V12_Nom)*V12_Nom)/((2*Lm*Fsw)*V48_Min),SQRT((2*$O24*Lm*Fsw*V12_Nom)/(V48_Min*(V48_Min-V12_Nom)))*((V48_Min-V12_Nom)/(V12_Nom)),1-(V12_Nom/V48_Min)) -> 0.33333333 | R24: =IF($O24<((V48_Min-V12_Nom)*V12_Nom)/((2*Lm*Fsw)*V48_Min),(P24/(Fsw*Lm))*(V48_Min-V12_Nom),((P24/(Fsw*Lm))*(V48_Min-V12_Nom))) -> 3.5460993 | S24: =IF($O24<((V48_Min-V12_Nom)*V12_Nom)/((2*Lm*Fsw)*V48_Min),(P24/(Fsw*Lm))*(V48_Min-V12_Nom),(R24/2)+$O24) -> 19.77305 | T24: =IF($O24<((V48_Nom-V12_Nom)*V12_Nom)/((2*Lm*Fsw)*V48_Nom),SQRT((2*$O24*Lm*Fsw*V12_Nom)/(V48_Nom*(V48_Nom-V12_Nom))),(V12_Nom/V48_Nom)) -> 0.4 | U24: =IF($O24<((V48_Nom-V12_Nom)*V12_Nom)/((2*Lm*Fsw)*V48_Nom),SQRT((2*$O24*Lm*Fsw*V12_Nom)/(V48_Nom*(V48_Nom-V12_Nom)))*((V48_Nom-V12_Nom)/(V12_Nom)),1-(V12_Nom/V48_Nom)) -> 0.6 | V24: =IF($O24<((V48_Nom-V12_Nom)*V12_Nom)/((2*Lm*Fsw)*V48_Nom),(T24/(Fsw*Lm))*(V48_Nom-V12_Nom),((T24/(Fsw*Lm))*(V48_Nom-V12_Nom))) -> 6.3829787 | W24: =IF($O24<((V48_Nom-V12_Nom)*V12_Nom)/((2*Lm*Fsw)*V48_Nom),(T24/(Fsw*Lm))*(V48_Nom-V12_Nom),(V24/2)+$O24) -> 21.191489 | X24: =IF($O24<((V48_Max-V12_Nom)*V12_Nom)/((2*Lm*Fsw)*V48_Max),SQRT((2*$O24*Lm*Fsw*V12_Nom)/(V48_Max*(V48_Max-V12_Nom))),(V12_Nom/V48_Max)) -> 0.23529412 | Y24: =IF($O24<((V48_Max-V12_Nom)*V12_Nom)/((2*Lm*Fsw)*V48_Max),SQRT((2*$O24*Lm*Fsw*V12_Nom)/(V48_Max*(V48_Max-V12_Nom)))*((V48_Max-V12_Nom)/(V12_Nom)),1-(V12_Nom/V48_Max)) -> 0.76470588 | Z24: =IF($O24<((V48_Max-V12_Nom)*V12_Nom)/((2*Lm*Fsw)*V48_Max),(X24/(Fsw*Lm))*(V48_Max-V12_Nom),((X24/(Fsw*Lm))*(V48_Max-V12_Nom))) -> 8.135169 | AA24: =IF($O24<((V48_Max-V12_Nom)*V12_Nom)/((2*Lm*Fsw)*V48_Max),(X24/(Fsw*Lm))*(V48_Max-V12_Nom),(Z24/2)+$O24) -> 22.067584 | AB24: =IF($O24<((V48_Nom-V12_Min)*V12_Min)/((2*Lm*Fsw)*V48_Nom),SQRT((2*$O24*Lm*Fsw*V12_Min)/(V48_Nom*(V48_Nom-V12_Min))),(V12_Min/V48_Nom)) -> 0.37 | AC24: =IF($O24<((V48_Nom-V12_Min)*V12_Min)/((2*Lm*Fsw)*V48_Nom),SQRT((2*$O24*Lm*Fsw*V12_Min)/(V48_Nom*(V48_Nom-V12_Min)))*((V48_Nom-V12_Min)/(V12_Min)),1-(V12_Min/V48_Nom)) -> 0.63 | AD24: =IF($O24<((V48_Nom-V12_Min)*V12_Min)/((2*Lm*Fsw)*V48_Nom),(AB24/(Fsw*Lm))*(V48_Nom-V12_Min),((AB24/(Fsw*Lm))*(V48_Nom-V12_Min))) -> 6.1994681 | AE24: =IF($O24<((V48_Nom-V12_Min)*V12_Min)/((2*Lm*Fsw)*V48_Nom),(AB24/(Fsw*Lm))*(V48_Nom-V12_Min),(AD24/2)+$O24) -> 21.099734 | AF24: =IF($O24<((V48_Nom-V12_Nom)*V12_Nom)/((2*Lm*Fsw)*V48_Nom),SQRT((2*$O24*Lm*Fsw*V12_Nom)/(V48_Nom*(V48_Nom-V12_Nom))),(V12_Nom/V48_Nom)) -> 0.4 | AG24: =IF($O24<((V48_Nom-V12_Nom)*V12_Nom)/((2*Lm*Fsw)*V48_Nom),SQRT((2*$O24*Lm*Fsw*V12_Nom)/(V48_Nom*(V48_Nom-V12_Nom)))*((V48_Nom-V12_Nom)/(V12_Nom)),1-(V12_Nom/V48_Nom)) -> 0.6 | AH24: =IF($O24<((V48_Nom-V12_Nom)*V12_Nom)/((2*Lm*Fsw)*V48_Nom),(AF24/(Fsw*Lm))*(V48_Nom-V12_Nom),((AF24/(Fsw*Lm))*(V48_Nom-V12_Nom))) -> 6.3829787 | AI24: =IF($O24<((V48_Nom-V12_Nom)*V12_Nom)/((2*Lm*Fsw)*V48_Nom),(AF24/(Fsw*Lm))*(V48_Nom-V12_Nom),(AH24/2)+$O24) -> 21.191489 | AJ24: =IF($O24<((V48_Nom-V12_Max)*V12_Max)/((2*Lm*Fsw)*V48_Nom),SQRT((2*$O24*Lm*Fsw*V12_Max)/(V48_Nom*(V48_Nom-V12_Max))),(V12_Max/V48_Nom)) -> 0.52 | AK24: =IF($O24<((V48_Nom-V12_Max)*V12_Max)/((2*Lm*Fsw)*V48_Nom),SQRT((2*$O24*Lm*Fsw*V12_Max)/(V48_Nom*(V48_Nom-V12_Max)))*((V48_Nom-V12_Max)/(V12_Max)),1-(V12_Max/V48_Nom)) -> 0.48 | AL24: =IF($O24<((V48_Nom-V12_Max)*V12_Max)/((2*Lm*Fsw)*V48_Nom),(AJ24/(Fsw*Lm))*(V48_Nom-V12_Max),((AJ24/(Fsw*Lm))*(V48_Nom-V12_Max))) -> 6.6382979 | AM24: =IF($O24<((V48_Nom-V12_Max)*V12_Max)/((2*Lm*Fsw)*V48_Nom),(AJ24/(Fsw*Lm))*(V48_Nom-V12_Max),(AL24/2)+$O24) -> 21.319149
A25: V12 Output Current Per Phase | B25: =B22/B24 -> 22.5 | C25: A | E25: Design Parameter for per phase current | N25: 0.019 | O25: =N25/Rcs -> 19 | P25: =IF($O25<((V48_Min-V12_Nom)*V12_Nom)/((2*Lm*Fsw)*V48_Min),SQRT((2*$O25*Lm*Fsw*V12_Nom)/(V48_Min*(V48_Min-V12_Nom))),(V12_Nom/V48_Min)) -> 0.66666667 | Q25: =IF($O25<((V48_Min-V12_Nom)*V12_Nom)/((2*Lm*Fsw)*V48_Min),SQRT((2*$O25*Lm*Fsw*V12_Nom)/(V48_Min*(V48_Min-V12_Nom)))*((V48_Min-V12_Nom)/(V12_Nom)),1-(V12_Nom/V48_Min)) -> 0.33333333 | R25: =IF($O25<((V48_Min-V12_Nom)*V12_Nom)/((2*Lm*Fsw)*V48_Min),(P25/(Fsw*Lm))*(V48_Min-V12_Nom),((P25/(Fsw*Lm))*(V48_Min-V12_Nom))) -> 3.5460993 | S25: =IF($O25<((V48_Min-V12_Nom)*V12_Nom)/((2*Lm*Fsw)*V48_Min),(P25/(Fsw*Lm))*(V48_Min-V12_Nom),(R25/2)+$O25) -> 20.77305 | T25: =IF($O25<((V48_Nom-V12_Nom)*V12_Nom)/((2*Lm*Fsw)*V48_Nom),SQRT((2*$O25*Lm*Fsw*V12_Nom)/(V48_Nom*(V48_Nom-V12_Nom))),(V12_Nom/V48_Nom)) -> 0.4 | U25: =IF($O25<((V48_Nom-V12_Nom)*V12_Nom)/((2*Lm*Fsw)*V48_Nom),SQRT((2*$O25*Lm*Fsw*V12_Nom)/(V48_Nom*(V48_Nom-V12_Nom)))*((V48_Nom-V12_Nom)/(V12_Nom)),1-(V12_Nom/V48_Nom)) -> 0.6 | V25: =IF($O25<((V48_Nom-V12_Nom)*V12_Nom)/((2*Lm*Fsw)*V48_Nom),(T25/(Fsw*Lm))*(V48_Nom-V12_Nom),((T25/(Fsw*Lm))*(V48_Nom-V12_Nom))) -> 6.3829787 | W25: =IF($O25<((V48_Nom-V12_Nom)*V12_Nom)/((2*Lm*Fsw)*V48_Nom),(T25/(Fsw*Lm))*(V48_Nom-V12_Nom),(V25/2)+$O25) -> 22.191489 | X25: =IF($O25<((V48_Max-V12_Nom)*V12_Nom)/((2*Lm*Fsw)*V48_Max),SQRT((2*$O25*Lm*Fsw*V12_Nom)/(V48_Max*(V48_Max-V12_Nom))),(V12_Nom/V48_Max)) -> 0.23529412 | Y25: =IF($O25<((V48_Max-V12_Nom)*V12_Nom)/((2*Lm*Fsw)*V48_Max),SQRT((2*$O25*Lm*Fsw*V12_Nom)/(V48_Max*(V48_Max-V12_Nom)))*((V48_Max-V12_Nom)/(V12_Nom)),1-(V12_Nom/V48_Max)) -> 0.76470588 | Z25: =IF($O25<((V48_Max-V12_Nom)*V12_Nom)/((2*Lm*Fsw)*V48_Max),(X25/(Fsw*Lm))*(V48_Max-V12_Nom),((X25/(Fsw*Lm))*(V48_Max-V12_Nom))) -> 8.135169 | AA25: =IF($O25<((V48_Max-V12_Nom)*V12_Nom)/((2*Lm*Fsw)*V48_Max),(X25/(Fsw*Lm))*(V48_Max-V12_Nom),(Z25/2)+$O25) -> 23.067584 | AB25: =IF($O25<((V48_Nom-V12_Min)*V12_Min)/((2*Lm*Fsw)*V48_Nom),SQRT((2*$O25*Lm*Fsw*V12_Min)/(V48_Nom*(V48_Nom-V12_Min))),(V12_Min/V48_Nom)) -> 0.37 | AC25: =IF($O25<((V48_Nom-V12_Min)*V12_Min)/((2*Lm*Fsw)*V48_Nom),SQRT((2*$O25*Lm*Fsw*V12_Min)/(V48_Nom*(V48_Nom-V12_Min)))*((V48_Nom-V12_Min)/(V12_Min)),1-(V12_Min/V48_Nom)) -> 0.63 | AD25: =IF($O25<((V48_Nom-V12_Min)*V12_Min)/((2*Lm*Fsw)*V48_Nom),(AB25/(Fsw*Lm))*(V48_Nom-V12_Min),((AB25/(Fsw*Lm))*(V48_Nom-V12_Min))) -> 6.1994681 | AE25: =IF($O25<((V48_Nom-V12_Min)*V12_Min)/((2*Lm*Fsw)*V48_Nom),(AB25/(Fsw*Lm))*(V48_Nom-V12_Min),(AD25/2)+$O25) -> 22.099734 | AF25: =IF($O25<((V48_Nom-V12_Nom)*V12_Nom)/((2*Lm*Fsw)*V48_Nom),SQRT((2*$O25*Lm*Fsw*V12_Nom)/(V48_Nom*(V48_Nom-V12_Nom))),(V12_Nom/V48_Nom)) -> 0.4 | AG25: =IF($O25<((V48_Nom-V12_Nom)*V12_Nom)/((2*Lm*Fsw)*V48_Nom),SQRT((2*$O25*Lm*Fsw*V12_Nom)/(V48_Nom*(V48_Nom-V12_Nom)))*((V48_Nom-V12_Nom)/(V12_Nom)),1-(V12_Nom/V48_Nom)) -> 0.6 | AH25: =IF($O25<((V48_Nom-V12_Nom)*V12_Nom)/((2*Lm*Fsw)*V48_Nom),(AF25/(Fsw*Lm))*(V48_Nom-V12_Nom),((AF25/(Fsw*Lm))*(V48_Nom-V12_Nom))) -> 6.3829787 | AI25: =IF($O25<((V48_Nom-V12_Nom)*V12_Nom)/((2*Lm*Fsw)*V48_Nom),(AF25/(Fsw*Lm))*(V48_Nom-V12_Nom),(AH25/2)+$O25) -> 22.191489 | AJ25: =IF($O25<((V48_Nom-V12_Max)*V12_Max)/((2*Lm*Fsw)*V48_Nom),SQRT((2*$O25*Lm*Fsw*V12_Max)/(V48_Nom*(V48_Nom-V12_Max))),(V12_Max/V48_Nom)) -> 0.52 | AK25: =IF($O25<((V48_Nom-V12_Max)*V12_Max)/((2*Lm*Fsw)*V48_Nom),SQRT((2*$O25*Lm*Fsw*V12_Max)/(V48_Nom*(V48_Nom-V12_Max)))*((V48_Nom-V12_Max)/(V12_Max)),1-(V12_Max/V48_Nom)) -> 0.48 | AL25: =IF($O25<((V48_Nom-V12_Max)*V12_Max)/((2*Lm*Fsw)*V48_Nom),(AJ25/(Fsw*Lm))*(V48_Nom-V12_Max),((AJ25/(Fsw*Lm))*(V48_Nom-V12_Max))) -> 6.6382979 | AM25: =IF($O25<((V48_Nom-V12_Max)*V12_Max)/((2*Lm*Fsw)*V48_Nom),(AJ25/(Fsw*Lm))*(V48_Nom-V12_Max),(AL25/2)+$O25) -> 22.319149
A26: Typical Power Per Phase | B26: =B25*V12_Nom -> 450 | C26: W | E26: The 12V output power at full designed load and nominal 12V | N26: 0.02 | O26: =N26/Rcs -> 20 | P26: =IF($O26<((V48_Min-V12_Nom)*V12_Nom)/((2*Lm*Fsw)*V48_Min),SQRT((2*$O26*Lm*Fsw*V12_Nom)/(V48_Min*(V48_Min-V12_Nom))),(V12_Nom/V48_Min)) -> 0.66666667 | Q26: =IF($O26<((V48_Min-V12_Nom)*V12_Nom)/((2*Lm*Fsw)*V48_Min),SQRT((2*$O26*Lm*Fsw*V12_Nom)/(V48_Min*(V48_Min-V12_Nom)))*((V48_Min-V12_Nom)/(V12_Nom)),1-(V12_Nom/V48_Min)) -> 0.33333333 | R26: =IF($O26<((V48_Min-V12_Nom)*V12_Nom)/((2*Lm*Fsw)*V48_Min),(P26/(Fsw*Lm))*(V48_Min-V12_Nom),((P26/(Fsw*Lm))*(V48_Min-V12_Nom))) -> 3.5460993 | S26: =IF($O26<((V48_Min-V12_Nom)*V12_Nom)/((2*Lm*Fsw)*V48_Min),(P26/(Fsw*Lm))*(V48_Min-V12_Nom),(R26/2)+$O26) -> 21.77305 | T26: =IF($O26<((V48_Nom-V12_Nom)*V12_Nom)/((2*Lm*Fsw)*V48_Nom),SQRT((2*$O26*Lm*Fsw*V12_Nom)/(V48_Nom*(V48_Nom-V12_Nom))),(V12_Nom/V48_Nom)) -> 0.4 | U26: =IF($O26<((V48_Nom-V12_Nom)*V12_Nom)/((2*Lm*Fsw)*V48_Nom),SQRT((2*$O26*Lm*Fsw*V12_Nom)/(V48_Nom*(V48_Nom-V12_Nom)))*((V48_Nom-V12_Nom)/(V12_Nom)),1-(V12_Nom/V48_Nom)) -> 0.6 | V26: =IF($O26<((V48_Nom-V12_Nom)*V12_Nom)/((2*Lm*Fsw)*V48_Nom),(T26/(Fsw*Lm))*(V48_Nom-V12_Nom),((T26/(Fsw*Lm))*(V48_Nom-V12_Nom))) -> 6.3829787 | W26: =IF($O26<((V48_Nom-V12_Nom)*V12_Nom)/((2*Lm*Fsw)*V48_Nom),(T26/(Fsw*Lm))*(V48_Nom-V12_Nom),(V26/2)+$O26) -> 23.191489 | X26: =IF($O26<((V48_Max-V12_Nom)*V12_Nom)/((2*Lm*Fsw)*V48_Max),SQRT((2*$O26*Lm*Fsw*V12_Nom)/(V48_Max*(V48_Max-V12_Nom))),(V12_Nom/V48_Max)) -> 0.23529412 | Y26: =IF($O26<((V48_Max-V12_Nom)*V12_Nom)/((2*Lm*Fsw)*V48_Max),SQRT((2*$O26*Lm*Fsw*V12_Nom)/(V48_Max*(V48_Max-V12_Nom)))*((V48_Max-V12_Nom)/(V12_Nom)),1-(V12_Nom/V48_Max)) -> 0.76470588 | Z26: =IF($O26<((V48_Max-V12_Nom)*V12_Nom)/((2*Lm*Fsw)*V48_Max),(X26/(Fsw*Lm))*(V48_Max-V12_Nom),((X26/(Fsw*Lm))*(V48_Max-V12_Nom))) -> 8.135169 | AA26: =IF($O26<((V48_Max-V12_Nom)*V12_Nom)/((2*Lm*Fsw)*V48_Max),(X26/(Fsw*Lm))*(V48_Max-V12_Nom),(Z26/2)+$O26) -> 24.067584 | AB26: =IF($O26<((V48_Nom-V12_Min)*V12_Min)/((2*Lm*Fsw)*V48_Nom),SQRT((2*$O26*Lm*Fsw*V12_Min)/(V48_Nom*(V48_Nom-V12_Min))),(V12_Min/V48_Nom)) -> 0.37 | AC26: =IF($O26<((V48_Nom-V12_Min)*V12_Min)/((2*Lm*Fsw)*V48_Nom),SQRT((2*$O26*Lm*Fsw*V12_Min)/(V48_Nom*(V48_Nom-V12_Min)))*((V48_Nom-V12_Min)/(V12_Min)),1-(V12_Min/V48_Nom)) -> 0.63 | AD26: =IF($O26<((V48_Nom-V12_Min)*V12_Min)/((2*Lm*Fsw)*V48_Nom),(AB26/(Fsw*Lm))*(V48_Nom-V12_Min),((AB26/(Fsw*Lm))*(V48_Nom-V12_Min))) -> 6.1994681 | AE26: =IF($O26<((V48_Nom-V12_Min)*V12_Min)/((2*Lm*Fsw)*V48_Nom),(AB26/(Fsw*Lm))*(V48_Nom-V12_Min),(AD26/2)+$O26) -> 23.099734 | AF26: =IF($O26<((V48_Nom-V12_Nom)*V12_Nom)/((2*Lm*Fsw)*V48_Nom),SQRT((2*$O26*Lm*Fsw*V12_Nom)/(V48_Nom*(V48_Nom-V12_Nom))),(V12_Nom/V48_Nom)) -> 0.4 | AG26: =IF($O26<((V48_Nom-V12_Nom)*V12_Nom)/((2*Lm*Fsw)*V48_Nom),SQRT((2*$O26*Lm*Fsw*V12_Nom)/(V48_Nom*(V48_Nom-V12_Nom)))*((V48_Nom-V12_Nom)/(V12_Nom)),1-(V12_Nom/V48_Nom)) -> 0.6 | AH26: =IF($O26<((V48_Nom-V12_Nom)*V12_Nom)/((2*Lm*Fsw)*V48_Nom),(AF26/(Fsw*Lm))*(V48_Nom-V12_Nom),((AF26/(Fsw*Lm))*(V48_Nom-V12_Nom))) -> 6.3829787 | AI26: =IF($O26<((V48_Nom-V12_Nom)*V12_Nom)/((2*Lm*Fsw)*V48_Nom),(AF26/(Fsw*Lm))*(V48_Nom-V12_Nom),(AH26/2)+$O26) -> 23.191489 | AJ26: =IF($O26<((V48_Nom-V12_Max)*V12_Max)/((2*Lm*Fsw)*V48_Nom),SQRT((2*$O26*Lm*Fsw*V12_Max)/(V48_Nom*(V48_Nom-V12_Max))),(V12_Max/V48_Nom)) -> 0.52 | AK26: =IF($O26<((V48_Nom-V12_Max)*V12_Max)/((2*Lm*Fsw)*V48_Nom),SQRT((2*$O26*Lm*Fsw*V12_Max)/(V48_Nom*(V48_Nom-V12_Max)))*((V48_Nom-V12_Max)/(V12_Max)),1-(V12_Max/V48_Nom)) -> 0.48 | AL26: =IF($O26<((V48_Nom-V12_Max)*V12_Max)/((2*Lm*Fsw)*V48_Nom),(AJ26/(Fsw*Lm))*(V48_Nom-V12_Max),((AJ26/(Fsw*Lm))*(V48_Nom-V12_Max))) -> 6.6382979 | AM26: =IF($O26<((V48_Nom-V12_Max)*V12_Max)/((2*Lm*Fsw)*V48_Nom),(AJ26/(Fsw*Lm))*(V48_Nom-V12_Max),(AL26/2)+$O26) -> 23.319149
A27: Calculated Current Sense Resistor | B27: =(VCS_Max/B25)*1000 -> 2.2222222 | C27: mOhm | E27: Calculated to have full load be 50mV | N27: 0.021 | O27: =N27/Rcs -> 21 | P27: =IF($O27<((V48_Min-V12_Nom)*V12_Nom)/((2*Lm*Fsw)*V48_Min),SQRT((2*$O27*Lm*Fsw*V12_Nom)/(V48_Min*(V48_Min-V12_Nom))),(V12_Nom/V48_Min)) -> 0.66666667 | Q27: =IF($O27<((V48_Min-V12_Nom)*V12_Nom)/((2*Lm*Fsw)*V48_Min),SQRT((2*$O27*Lm*Fsw*V12_Nom)/(V48_Min*(V48_Min-V12_Nom)))*((V48_Min-V12_Nom)/(V12_Nom)),1-(V12_Nom/V48_Min)) -> 0.33333333 | R27: =IF($O27<((V48_Min-V12_Nom)*V12_Nom)/((2*Lm*Fsw)*V48_Min),(P27/(Fsw*Lm))*(V48_Min-V12_Nom),((P27/(Fsw*Lm))*(V48_Min-V12_Nom))) -> 3.5460993 | S27: =IF($O27<((V48_Min-V12_Nom)*V12_Nom)/((2*Lm*Fsw)*V48_Min),(P27/(Fsw*Lm))*(V48_Min-V12_Nom),(R27/2)+$O27) -> 22.77305 | T27: =IF($O27<((V48_Nom-V12_Nom)*V12_Nom)/((2*Lm*Fsw)*V48_Nom),SQRT((2*$O27*Lm*Fsw*V12_Nom)/(V48_Nom*(V48_Nom-V12_Nom))),(V12_Nom/V48_Nom)) -> 0.4 | U27: =IF($O27<((V48_Nom-V12_Nom)*V12_Nom)/((2*Lm*Fsw)*V48_Nom),SQRT((2*$O27*Lm*Fsw*V12_Nom)/(V48_Nom*(V48_Nom-V12_Nom)))*((V48_Nom-V12_Nom)/(V12_Nom)),1-(V12_Nom/V48_Nom)) -> 0.6 | V27: =IF($O27<((V48_Nom-V12_Nom)*V12_Nom)/((2*Lm*Fsw)*V48_Nom),(T27/(Fsw*Lm))*(V48_Nom-V12_Nom),((T27/(Fsw*Lm))*(V48_Nom-V12_Nom))) -> 6.3829787 | W27: =IF($O27<((V48_Nom-V12_Nom)*V12_Nom)/((2*Lm*Fsw)*V48_Nom),(T27/(Fsw*Lm))*(V48_Nom-V12_Nom),(V27/2)+$O27) -> 24.191489 | X27: =IF($O27<((V48_Max-V12_Nom)*V12_Nom)/((2*Lm*Fsw)*V48_Max),SQRT((2*$O27*Lm*Fsw*V12_Nom)/(V48_Max*(V48_Max-V12_Nom))),(V12_Nom/V48_Max)) -> 0.23529412 | Y27: =IF($O27<((V48_Max-V12_Nom)*V12_Nom)/((2*Lm*Fsw)*V48_Max),SQRT((2*$O27*Lm*Fsw*V12_Nom)/(V48_Max*(V48_Max-V12_Nom)))*((V48_Max-V12_Nom)/(V12_Nom)),1-(V12_Nom/V48_Max)) -> 0.76470588 | Z27: =IF($O27<((V48_Max-V12_Nom)*V12_Nom)/((2*Lm*Fsw)*V48_Max),(X27/(Fsw*Lm))*(V48_Max-V12_Nom),((X27/(Fsw*Lm))*(V48_Max-V12_Nom))) -> 8.135169 | AA27: =IF($O27<((V48_Max-V12_Nom)*V12_Nom)/((2*Lm*Fsw)*V48_Max),(X27/(Fsw*Lm))*(V48_Max-V12_Nom),(Z27/2)+$O27) -> 25.067584 | AB27: =IF($O27<((V48_Nom-V12_Min)*V12_Min)/((2*Lm*Fsw)*V48_Nom),SQRT((2*$O27*Lm*Fsw*V12_Min)/(V48_Nom*(V48_Nom-V12_Min))),(V12_Min/V48_Nom)) -> 0.37 | AC27: =IF($O27<((V48_Nom-V12_Min)*V12_Min)/((2*Lm*Fsw)*V48_Nom),SQRT((2*$O27*Lm*Fsw*V12_Min)/(V48_Nom*(V48_Nom-V12_Min)))*((V48_Nom-V12_Min)/(V12_Min)),1-(V12_Min/V48_Nom)) -> 0.63 | AD27: =IF($O27<((V48_Nom-V12_Min)*V12_Min)/((2*Lm*Fsw)*V48_Nom),(AB27/(Fsw*Lm))*(V48_Nom-V12_Min),((AB27/(Fsw*Lm))*(V48_Nom-V12_Min))) -> 6.1994681 | AE27: =IF($O27<((V48_Nom-V12_Min)*V12_Min)/((2*Lm*Fsw)*V48_Nom),(AB27/(Fsw*Lm))*(V48_Nom-V12_Min),(AD27/2)+$O27) -> 24.099734 | AF27: =IF($O27<((V48_Nom-V12_Nom)*V12_Nom)/((2*Lm*Fsw)*V48_Nom),SQRT((2*$O27*Lm*Fsw*V12_Nom)/(V48_Nom*(V48_Nom-V12_Nom))),(V12_Nom/V48_Nom)) -> 0.4 | AG27: =IF($O27<((V48_Nom-V12_Nom)*V12_Nom)/((2*Lm*Fsw)*V48_Nom),SQRT((2*$O27*Lm*Fsw*V12_Nom)/(V48_Nom*(V48_Nom-V12_Nom)))*((V48_Nom-V12_Nom)/(V12_Nom)),1-(V12_Nom/V48_Nom)) -> 0.6 | AH27: =IF($O27<((V48_Nom-V12_Nom)*V12_Nom)/((2*Lm*Fsw)*V48_Nom),(AF27/(Fsw*Lm))*(V48_Nom-V12_Nom),((AF27/(Fsw*Lm))*(V48_Nom-V12_Nom))) -> 6.3829787 | AI27: =IF($O27<((V48_Nom-V12_Nom)*V12_Nom)/((2*Lm*Fsw)*V48_Nom),(AF27/(Fsw*Lm))*(V48_Nom-V12_Nom),(AH27/2)+$O27) -> 24.191489 | AJ27: =IF($O27<((V48_Nom-V12_Max)*V12_Max)/((2*Lm*Fsw)*V48_Nom),SQRT((2*$O27*Lm*Fsw*V12_Max)/(V48_Nom*(V48_Nom-V12_Max))),(V12_Max/V48_Nom)) -> 0.52 | AK27: =IF($O27<((V48_Nom-V12_Max)*V12_Max)/((2*Lm*Fsw)*V48_Nom),SQRT((2*$O27*Lm*Fsw*V12_Max)/(V48_Nom*(V48_Nom-V12_Max)))*((V48_Nom-V12_Max)/(V12_Max)),1-(V12_Max/V48_Nom)) -> 0.48 | AL27: =IF($O27<((V48_Nom-V12_Max)*V12_Max)/((2*Lm*Fsw)*V48_Nom),(AJ27/(Fsw*Lm))*(V48_Nom-V12_Max),((AJ27/(Fsw*Lm))*(V48_Nom-V12_Max))) -> 6.6382979 | AM27: =IF($O27<((V48_Nom-V12_Max)*V12_Max)/((2*Lm*Fsw)*V48_Nom),(AJ27/(Fsw*Lm))*(V48_Nom-V12_Max),(AL27/2)+$O27) -> 24.319149
A28: Rcs | B28: =Design_Converter!B28 -> 1 | C28: mOhm | E28: Selected Sense Resistor | N28: 0.022 | O28: =N28/Rcs -> 22 | P28: =IF($O28<((V48_Min-V12_Nom)*V12_Nom)/((2*Lm*Fsw)*V48_Min),SQRT((2*$O28*Lm*Fsw*V12_Nom)/(V48_Min*(V48_Min-V12_Nom))),(V12_Nom/V48_Min)) -> 0.66666667 | Q28: =IF($O28<((V48_Min-V12_Nom)*V12_Nom)/((2*Lm*Fsw)*V48_Min),SQRT((2*$O28*Lm*Fsw*V12_Nom)/(V48_Min*(V48_Min-V12_Nom)))*((V48_Min-V12_Nom)/(V12_Nom)),1-(V12_Nom/V48_Min)) -> 0.33333333 | R28: =IF($O28<((V48_Min-V12_Nom)*V12_Nom)/((2*Lm*Fsw)*V48_Min),(P28/(Fsw*Lm))*(V48_Min-V12_Nom),((P28/(Fsw*Lm))*(V48_Min-V12_Nom))) -> 3.5460993 | S28: =IF($O28<((V48_Min-V12_Nom)*V12_Nom)/((2*Lm*Fsw)*V48_Min),(P28/(Fsw*Lm))*(V48_Min-V12_Nom),(R28/2)+$O28) -> 23.77305 | T28: =IF($O28<((V48_Nom-V12_Nom)*V12_Nom)/((2*Lm*Fsw)*V48_Nom),SQRT((2*$O28*Lm*Fsw*V12_Nom)/(V48_Nom*(V48_Nom-V12_Nom))),(V12_Nom/V48_Nom)) -> 0.4 | U28: =IF($O28<((V48_Nom-V12_Nom)*V12_Nom)/((2*Lm*Fsw)*V48_Nom),SQRT((2*$O28*Lm*Fsw*V12_Nom)/(V48_Nom*(V48_Nom-V12_Nom)))*((V48_Nom-V12_Nom)/(V12_Nom)),1-(V12_Nom/V48_Nom)) -> 0.6 | V28: =IF($O28<((V48_Nom-V12_Nom)*V12_Nom)/((2*Lm*Fsw)*V48_Nom),(T28/(Fsw*Lm))*(V48_Nom-V12_Nom),((T28/(Fsw*Lm))*(V48_Nom-V12_Nom))) -> 6.3829787 | W28: =IF($O28<((V48_Nom-V12_Nom)*V12_Nom)/((2*Lm*Fsw)*V48_Nom),(T28/(Fsw*Lm))*(V48_Nom-V12_Nom),(V28/2)+$O28) -> 25.191489 | X28: =IF($O28<((V48_Max-V12_Nom)*V12_Nom)/((2*Lm*Fsw)*V48_Max),SQRT((2*$O28*Lm*Fsw*V12_Nom)/(V48_Max*(V48_Max-V12_Nom))),(V12_Nom/V48_Max)) -> 0.23529412 | Y28: =IF($O28<((V48_Max-V12_Nom)*V12_Nom)/((2*Lm*Fsw)*V48_Max),SQRT((2*$O28*Lm*Fsw*V12_Nom)/(V48_Max*(V48_Max-V12_Nom)))*((V48_Max-V12_Nom)/(V12_Nom)),1-(V12_Nom/V48_Max)) -> 0.76470588 | Z28: =IF($O28<((V48_Max-V12_Nom)*V12_Nom)/((2*Lm*Fsw)*V48_Max),(X28/(Fsw*Lm))*(V48_Max-V12_Nom),((X28/(Fsw*Lm))*(V48_Max-V12_Nom))) -> 8.135169 | AA28: =IF($O28<((V48_Max-V12_Nom)*V12_Nom)/((2*Lm*Fsw)*V48_Max),(X28/(Fsw*Lm))*(V48_Max-V12_Nom),(Z28/2)+$O28) -> 26.067584 | AB28: =IF($O28<((V48_Nom-V12_Min)*V12_Min)/((2*Lm*Fsw)*V48_Nom),SQRT((2*$O28*Lm*Fsw*V12_Min)/(V48_Nom*(V48_Nom-V12_Min))),(V12_Min/V48_Nom)) -> 0.37 | AC28: =IF($O28<((V48_Nom-V12_Min)*V12_Min)/((2*Lm*Fsw)*V48_Nom),SQRT((2*$O28*Lm*Fsw*V12_Min)/(V48_Nom*(V48_Nom-V12_Min)))*((V48_Nom-V12_Min)/(V12_Min)),1-(V12_Min/V48_Nom)) -> 0.63 | AD28: =IF($O28<((V48_Nom-V12_Min)*V12_Min)/((2*Lm*Fsw)*V48_Nom),(AB28/(Fsw*Lm))*(V48_Nom-V12_Min),((AB28/(Fsw*Lm))*(V48_Nom-V12_Min))) -> 6.1994681 | AE28: =IF($O28<((V48_Nom-V12_Min)*V12_Min)/((2*Lm*Fsw)*V48_Nom),(AB28/(Fsw*Lm))*(V48_Nom-V12_Min),(AD28/2)+$O28) -> 25.099734 | AF28: =IF($O28<((V48_Nom-V12_Nom)*V12_Nom)/((2*Lm*Fsw)*V48_Nom),SQRT((2*$O28*Lm*Fsw*V12_Nom)/(V48_Nom*(V48_Nom-V12_Nom))),(V12_Nom/V48_Nom)) -> 0.4 | AG28: =IF($O28<((V48_Nom-V12_Nom)*V12_Nom)/((2*Lm*Fsw)*V48_Nom),SQRT((2*$O28*Lm*Fsw*V12_Nom)/(V48_Nom*(V48_Nom-V12_Nom)))*((V48_Nom-V12_Nom)/(V12_Nom)),1-(V12_Nom/V48_Nom)) -> 0.6 | AH28: =IF($O28<((V48_Nom-V12_Nom)*V12_Nom)/((2*Lm*Fsw)*V48_Nom),(AF28/(Fsw*Lm))*(V48_Nom-V12_Nom),((AF28/(Fsw*Lm))*(V48_Nom-V12_Nom))) -> 6.3829787 | AI28: =IF($O28<((V48_Nom-V12_Nom)*V12_Nom)/((2*Lm*Fsw)*V48_Nom),(AF28/(Fsw*Lm))*(V48_Nom-V12_Nom),(AH28/2)+$O28) -> 25.191489 | AJ28: =IF($O28<((V48_Nom-V12_Max)*V12_Max)/((2*Lm*Fsw)*V48_Nom),SQRT((2*$O28*Lm*Fsw*V12_Max)/(V48_Nom*(V48_Nom-V12_Max))),(V12_Max/V48_Nom)) -> 0.52 | AK28: =IF($O28<((V48_Nom-V12_Max)*V12_Max)/((2*Lm*Fsw)*V48_Nom),SQRT((2*$O28*Lm*Fsw*V12_Max)/(V48_Nom*(V48_Nom-V12_Max)))*((V48_Nom-V12_Max)/(V12_Max)),1-(V12_Max/V48_Nom)) -> 0.48 | AL28: =IF($O28<((V48_Nom-V12_Max)*V12_Max)/((2*Lm*Fsw)*V48_Nom),(AJ28/(Fsw*Lm))*(V48_Nom-V12_Max),((AJ28/(Fsw*Lm))*(V48_Nom-V12_Max))) -> 6.6382979 | AM28: =IF($O28<((V48_Nom-V12_Max)*V12_Max)/((2*Lm*Fsw)*V48_Nom),(AJ28/(Fsw*Lm))*(V48_Nom-V12_Max),(AL28/2)+$O28) -> 25.319149
A29: I_Channel | B29: =VCS_Max/Rcs -> 50 | C29: A | E29: Maximum Per phase IL current (based on Selected RCS) | N29: 0.023 | O29: =N29/Rcs -> 23 | P29: =IF($O29<((V48_Min-V12_Nom)*V12_Nom)/((2*Lm*Fsw)*V48_Min),SQRT((2*$O29*Lm*Fsw*V12_Nom)/(V48_Min*(V48_Min-V12_Nom))),(V12_Nom/V48_Min)) -> 0.66666667 | Q29: =IF($O29<((V48_Min-V12_Nom)*V12_Nom)/((2*Lm*Fsw)*V48_Min),SQRT((2*$O29*Lm*Fsw*V12_Nom)/(V48_Min*(V48_Min-V12_Nom)))*((V48_Min-V12_Nom)/(V12_Nom)),1-(V12_Nom/V48_Min)) -> 0.33333333 | R29: =IF($O29<((V48_Min-V12_Nom)*V12_Nom)/((2*Lm*Fsw)*V48_Min),(P29/(Fsw*Lm))*(V48_Min-V12_Nom),((P29/(Fsw*Lm))*(V48_Min-V12_Nom))) -> 3.5460993 | S29: =IF($O29<((V48_Min-V12_Nom)*V12_Nom)/((2*Lm*Fsw)*V48_Min),(P29/(Fsw*Lm))*(V48_Min-V12_Nom),(R29/2)+$O29) -> 24.77305 | T29: =IF($O29<((V48_Nom-V12_Nom)*V12_Nom)/((2*Lm*Fsw)*V48_Nom),SQRT((2*$O29*Lm*Fsw*V12_Nom)/(V48_Nom*(V48_Nom-V12_Nom))),(V12_Nom/V48_Nom)) -> 0.4 | U29: =IF($O29<((V48_Nom-V12_Nom)*V12_Nom)/((2*Lm*Fsw)*V48_Nom),SQRT((2*$O29*Lm*Fsw*V12_Nom)/(V48_Nom*(V48_Nom-V12_Nom)))*((V48_Nom-V12_Nom)/(V12_Nom)),1-(V12_Nom/V48_Nom)) -> 0.6 | V29: =IF($O29<((V48_Nom-V12_Nom)*V12_Nom)/((2*Lm*Fsw)*V48_Nom),(T29/(Fsw*Lm))*(V48_Nom-V12_Nom),((T29/(Fsw*Lm))*(V48_Nom-V12_Nom))) -> 6.3829787 | W29: =IF($O29<((V48_Nom-V12_Nom)*V12_Nom)/((2*Lm*Fsw)*V48_Nom),(T29/(Fsw*Lm))*(V48_Nom-V12_Nom),(V29/2)+$O29) -> 26.191489 | X29: =IF($O29<((V48_Max-V12_Nom)*V12_Nom)/((2*Lm*Fsw)*V48_Max),SQRT((2*$O29*Lm*Fsw*V12_Nom)/(V48_Max*(V48_Max-V12_Nom))),(V12_Nom/V48_Max)) -> 0.23529412 | Y29: =IF($O29<((V48_Max-V12_Nom)*V12_Nom)/((2*Lm*Fsw)*V48_Max),SQRT((2*$O29*Lm*Fsw*V12_Nom)/(V48_Max*(V48_Max-V12_Nom)))*((V48_Max-V12_Nom)/(V12_Nom)),1-(V12_Nom/V48_Max)) -> 0.76470588 | Z29: =IF($O29<((V48_Max-V12_Nom)*V12_Nom)/((2*Lm*Fsw)*V48_Max),(X29/(Fsw*Lm))*(V48_Max-V12_Nom),((X29/(Fsw*Lm))*(V48_Max-V12_Nom))) -> 8.135169 | AA29: =IF($O29<((V48_Max-V12_Nom)*V12_Nom)/((2*Lm*Fsw)*V48_Max),(X29/(Fsw*Lm))*(V48_Max-V12_Nom),(Z29/2)+$O29) -> 27.067584 | AB29: =IF($O29<((V48_Nom-V12_Min)*V12_Min)/((2*Lm*Fsw)*V48_Nom),SQRT((2*$O29*Lm*Fsw*V12_Min)/(V48_Nom*(V48_Nom-V12_Min))),(V12_Min/V48_Nom)) -> 0.37 | AC29: =IF($O29<((V48_Nom-V12_Min)*V12_Min)/((2*Lm*Fsw)*V48_Nom),SQRT((2*$O29*Lm*Fsw*V12_Min)/(V48_Nom*(V48_Nom-V12_Min)))*((V48_Nom-V12_Min)/(V12_Min)),1-(V12_Min/V48_Nom)) -> 0.63 | AD29: =IF($O29<((V48_Nom-V12_Min)*V12_Min)/((2*Lm*Fsw)*V48_Nom),(AB29/(Fsw*Lm))*(V48_Nom-V12_Min),((AB29/(Fsw*Lm))*(V48_Nom-V12_Min))) -> 6.1994681 | AE29: =IF($O29<((V48_Nom-V12_Min)*V12_Min)/((2*Lm*Fsw)*V48_Nom),(AB29/(Fsw*Lm))*(V48_Nom-V12_Min),(AD29/2)+$O29) -> 26.099734 | AF29: =IF($O29<((V48_Nom-V12_Nom)*V12_Nom)/((2*Lm*Fsw)*V48_Nom),SQRT((2*$O29*Lm*Fsw*V12_Nom)/(V48_Nom*(V48_Nom-V12_Nom))),(V12_Nom/V48_Nom)) -> 0.4 | AG29: =IF($O29<((V48_Nom-V12_Nom)*V12_Nom)/((2*Lm*Fsw)*V48_Nom),SQRT((2*$O29*Lm*Fsw*V12_Nom)/(V48_Nom*(V48_Nom-V12_Nom)))*((V48_Nom-V12_Nom)/(V12_Nom)),1-(V12_Nom/V48_Nom)) -> 0.6 | AH29: =IF($O29<((V48_Nom-V12_Nom)*V12_Nom)/((2*Lm*Fsw)*V48_Nom),(AF29/(Fsw*Lm))*(V48_Nom-V12_Nom),((AF29/(Fsw*Lm))*(V48_Nom-V12_Nom))) -> 6.3829787 | AI29: =IF($O29<((V48_Nom-V12_Nom)*V12_Nom)/((2*Lm*Fsw)*V48_Nom),(AF29/(Fsw*Lm))*(V48_Nom-V12_Nom),(AH29/2)+$O29) -> 26.191489 | AJ29: =IF($O29<((V48_Nom-V12_Max)*V12_Max)/((2*Lm*Fsw)*V48_Nom),SQRT((2*$O29*Lm*Fsw*V12_Max)/(V48_Nom*(V48_Nom-V12_Max))),(V12_Max/V48_Nom)) -> 0.52 | AK29: =IF($O29<((V48_Nom-V12_Max)*V12_Max)/((2*Lm*Fsw)*V48_Nom),SQRT((2*$O29*Lm*Fsw*V12_Max)/(V48_Nom*(V48_Nom-V12_Max)))*((V48_Nom-V12_Max)/(V12_Max)),1-(V12_Max/V48_Nom)) -> 0.48 | AL29: =IF($O29<((V48_Nom-V12_Max)*V12_Max)/((2*Lm*Fsw)*V48_Nom),(AJ29/(Fsw*Lm))*(V48_Nom-V12_Max),((AJ29/(Fsw*Lm))*(V48_Nom-V12_Max))) -> 6.6382979 | AM29: =IF($O29<((V48_Nom-V12_Max)*V12_Max)/((2*Lm*Fsw)*V48_Nom),(AJ29/(Fsw*Lm))*(V48_Nom-V12_Max),(AL29/2)+$O29) -> 26.319149
A30: Per phase Max Power current (based on RCS) | B30: =V12_Nom*B29 -> 1000 | C30: W | E30: Maximum per phase power based on Rcs selection (Nominal 12V) | N30: 0.024 | O30: =N30/Rcs -> 24 | P30: =IF($O30<((V48_Min-V12_Nom)*V12_Nom)/((2*Lm*Fsw)*V48_Min),SQRT((2*$O30*Lm*Fsw*V12_Nom)/(V48_Min*(V48_Min-V12_Nom))),(V12_Nom/V48_Min)) -> 0.66666667 | Q30: =IF($O30<((V48_Min-V12_Nom)*V12_Nom)/((2*Lm*Fsw)*V48_Min),SQRT((2*$O30*Lm*Fsw*V12_Nom)/(V48_Min*(V48_Min-V12_Nom)))*((V48_Min-V12_Nom)/(V12_Nom)),1-(V12_Nom/V48_Min)) -> 0.33333333 | R30: =IF($O30<((V48_Min-V12_Nom)*V12_Nom)/((2*Lm*Fsw)*V48_Min),(P30/(Fsw*Lm))*(V48_Min-V12_Nom),((P30/(Fsw*Lm))*(V48_Min-V12_Nom))) -> 3.5460993 | S30: =IF($O30<((V48_Min-V12_Nom)*V12_Nom)/((2*Lm*Fsw)*V48_Min),(P30/(Fsw*Lm))*(V48_Min-V12_Nom),(R30/2)+$O30) -> 25.77305 | T30: =IF($O30<((V48_Nom-V12_Nom)*V12_Nom)/((2*Lm*Fsw)*V48_Nom),SQRT((2*$O30*Lm*Fsw*V12_Nom)/(V48_Nom*(V48_Nom-V12_Nom))),(V12_Nom/V48_Nom)) -> 0.4 | U30: =IF($O30<((V48_Nom-V12_Nom)*V12_Nom)/((2*Lm*Fsw)*V48_Nom),SQRT((2*$O30*Lm*Fsw*V12_Nom)/(V48_Nom*(V48_Nom-V12_Nom)))*((V48_Nom-V12_Nom)/(V12_Nom)),1-(V12_Nom/V48_Nom)) -> 0.6 | V30: =IF($O30<((V48_Nom-V12_Nom)*V12_Nom)/((2*Lm*Fsw)*V48_Nom),(T30/(Fsw*Lm))*(V48_Nom-V12_Nom),((T30/(Fsw*Lm))*(V48_Nom-V12_Nom))) -> 6.3829787 | W30: =IF($O30<((V48_Nom-V12_Nom)*V12_Nom)/((2*Lm*Fsw)*V48_Nom),(T30/(Fsw*Lm))*(V48_Nom-V12_Nom),(V30/2)+$O30) -> 27.191489 | X30: =IF($O30<((V48_Max-V12_Nom)*V12_Nom)/((2*Lm*Fsw)*V48_Max),SQRT((2*$O30*Lm*Fsw*V12_Nom)/(V48_Max*(V48_Max-V12_Nom))),(V12_Nom/V48_Max)) -> 0.23529412 | Y30: =IF($O30<((V48_Max-V12_Nom)*V12_Nom)/((2*Lm*Fsw)*V48_Max),SQRT((2*$O30*Lm*Fsw*V12_Nom)/(V48_Max*(V48_Max-V12_Nom)))*((V48_Max-V12_Nom)/(V12_Nom)),1-(V12_Nom/V48_Max)) -> 0.76470588 | Z30: =IF($O30<((V48_Max-V12_Nom)*V12_Nom)/((2*Lm*Fsw)*V48_Max),(X30/(Fsw*Lm))*(V48_Max-V12_Nom),((X30/(Fsw*Lm))*(V48_Max-V12_Nom))) -> 8.135169 | AA30: =IF($O30<((V48_Max-V12_Nom)*V12_Nom)/((2*Lm*Fsw)*V48_Max),(X30/(Fsw*Lm))*(V48_Max-V12_Nom),(Z30/2)+$O30) -> 28.067584 | AB30: =IF($O30<((V48_Nom-V12_Min)*V12_Min)/((2*Lm*Fsw)*V48_Nom),SQRT((2*$O30*Lm*Fsw*V12_Min)/(V48_Nom*(V48_Nom-V12_Min))),(V12_Min/V48_Nom)) -> 0.37 | AC30: =IF($O30<((V48_Nom-V12_Min)*V12_Min)/((2*Lm*Fsw)*V48_Nom),SQRT((2*$O30*Lm*Fsw*V12_Min)/(V48_Nom*(V48_Nom-V12_Min)))*((V48_Nom-V12_Min)/(V12_Min)),1-(V12_Min/V48_Nom)) -> 0.63 | AD30: =IF($O30<((V48_Nom-V12_Min)*V12_Min)/((2*Lm*Fsw)*V48_Nom),(AB30/(Fsw*Lm))*(V48_Nom-V12_Min),((AB30/(Fsw*Lm))*(V48_Nom-V12_Min))) -> 6.1994681 | AE30: =IF($O30<((V48_Nom-V12_Min)*V12_Min)/((2*Lm*Fsw)*V48_Nom),(AB30/(Fsw*Lm))*(V48_Nom-V12_Min),(AD30/2)+$O30) -> 27.099734 | AF30: =IF($O30<((V48_Nom-V12_Nom)*V12_Nom)/((2*Lm*Fsw)*V48_Nom),SQRT((2*$O30*Lm*Fsw*V12_Nom)/(V48_Nom*(V48_Nom-V12_Nom))),(V12_Nom/V48_Nom)) -> 0.4 | AG30: =IF($O30<((V48_Nom-V12_Nom)*V12_Nom)/((2*Lm*Fsw)*V48_Nom),SQRT((2*$O30*Lm*Fsw*V12_Nom)/(V48_Nom*(V48_Nom-V12_Nom)))*((V48_Nom-V12_Nom)/(V12_Nom)),1-(V12_Nom/V48_Nom)) -> 0.6 | AH30: =IF($O30<((V48_Nom-V12_Nom)*V12_Nom)/((2*Lm*Fsw)*V48_Nom),(AF30/(Fsw*Lm))*(V48_Nom-V12_Nom),((AF30/(Fsw*Lm))*(V48_Nom-V12_Nom))) -> 6.3829787 | AI30: =IF($O30<((V48_Nom-V12_Nom)*V12_Nom)/((2*Lm*Fsw)*V48_Nom),(AF30/(Fsw*Lm))*(V48_Nom-V12_Nom),(AH30/2)+$O30) -> 27.191489 | AJ30: =IF($O30<((V48_Nom-V12_Max)*V12_Max)/((2*Lm*Fsw)*V48_Nom),SQRT((2*$O30*Lm*Fsw*V12_Max)/(V48_Nom*(V48_Nom-V12_Max))),(V12_Max/V48_Nom)) -> 0.52 | AK30: =IF($O30<((V48_Nom-V12_Max)*V12_Max)/((2*Lm*Fsw)*V48_Nom),SQRT((2*$O30*Lm*Fsw*V12_Max)/(V48_Nom*(V48_Nom-V12_Max)))*((V48_Nom-V12_Max)/(V12_Max)),1-(V12_Max/V48_Nom)) -> 0.48 | AL30: =IF($O30<((V48_Nom-V12_Max)*V12_Max)/((2*Lm*Fsw)*V48_Nom),(AJ30/(Fsw*Lm))*(V48_Nom-V12_Max),((AJ30/(Fsw*Lm))*(V48_Nom-V12_Max))) -> 6.6382979 | AM30: =IF($O30<((V48_Nom-V12_Max)*V12_Max)/((2*Lm*Fsw)*V48_Nom),(AJ30/(Fsw*Lm))*(V48_Nom-V12_Max),(AL30/2)+$O30) -> 27.319149
A31: Total Output Current | B31: =I_Channel*np -> 100 | C31: A | E31: Maximum total 12V Current based on Rcs selection | N31: 0.025 | O31: =N31/Rcs -> 25 | P31: =IF($O31<((V48_Min-V12_Nom)*V12_Nom)/((2*Lm*Fsw)*V48_Min),SQRT((2*$O31*Lm*Fsw*V12_Nom)/(V48_Min*(V48_Min-V12_Nom))),(V12_Nom/V48_Min)) -> 0.66666667 | Q31: =IF($O31<((V48_Min-V12_Nom)*V12_Nom)/((2*Lm*Fsw)*V48_Min),SQRT((2*$O31*Lm*Fsw*V12_Nom)/(V48_Min*(V48_Min-V12_Nom)))*((V48_Min-V12_Nom)/(V12_Nom)),1-(V12_Nom/V48_Min)) -> 0.33333333 | R31: =IF($O31<((V48_Min-V12_Nom)*V12_Nom)/((2*Lm*Fsw)*V48_Min),(P31/(Fsw*Lm))*(V48_Min-V12_Nom),((P31/(Fsw*Lm))*(V48_Min-V12_Nom))) -> 3.5460993 | S31: =IF($O31<((V48_Min-V12_Nom)*V12_Nom)/((2*Lm*Fsw)*V48_Min),(P31/(Fsw*Lm))*(V48_Min-V12_Nom),(R31/2)+$O31) -> 26.77305 | T31: =IF($O31<((V48_Nom-V12_Nom)*V12_Nom)/((2*Lm*Fsw)*V48_Nom),SQRT((2*$O31*Lm*Fsw*V12_Nom)/(V48_Nom*(V48_Nom-V12_Nom))),(V12_Nom/V48_Nom)) -> 0.4 | U31: =IF($O31<((V48_Nom-V12_Nom)*V12_Nom)/((2*Lm*Fsw)*V48_Nom),SQRT((2*$O31*Lm*Fsw*V12_Nom)/(V48_Nom*(V48_Nom-V12_Nom)))*((V48_Nom-V12_Nom)/(V12_Nom)),1-(V12_Nom/V48_Nom)) -> 0.6 | V31: =IF($O31<((V48_Nom-V12_Nom)*V12_Nom)/((2*Lm*Fsw)*V48_Nom),(T31/(Fsw*Lm))*(V48_Nom-V12_Nom),((T31/(Fsw*Lm))*(V48_Nom-V12_Nom))) -> 6.3829787 | W31: =IF($O31<((V48_Nom-V12_Nom)*V12_Nom)/((2*Lm*Fsw)*V48_Nom),(T31/(Fsw*Lm))*(V48_Nom-V12_Nom),(V31/2)+$O31) -> 28.191489 | X31: =IF($O31<((V48_Max-V12_Nom)*V12_Nom)/((2*Lm*Fsw)*V48_Max),SQRT((2*$O31*Lm*Fsw*V12_Nom)/(V48_Max*(V48_Max-V12_Nom))),(V12_Nom/V48_Max)) -> 0.23529412 | Y31: =IF($O31<((V48_Max-V12_Nom)*V12_Nom)/((2*Lm*Fsw)*V48_Max),SQRT((2*$O31*Lm*Fsw*V12_Nom)/(V48_Max*(V48_Max-V12_Nom)))*((V48_Max-V12_Nom)/(V12_Nom)),1-(V12_Nom/V48_Max)) -> 0.76470588 | Z31: =IF($O31<((V48_Max-V12_Nom)*V12_Nom)/((2*Lm*Fsw)*V48_Max),(X31/(Fsw*Lm))*(V48_Max-V12_Nom),((X31/(Fsw*Lm))*(V48_Max-V12_Nom))) -> 8.135169 | AA31: =IF($O31<((V48_Max-V12_Nom)*V12_Nom)/((2*Lm*Fsw)*V48_Max),(X31/(Fsw*Lm))*(V48_Max-V12_Nom),(Z31/2)+$O31) -> 29.067584 | AB31: =IF($O31<((V48_Nom-V12_Min)*V12_Min)/((2*Lm*Fsw)*V48_Nom),SQRT((2*$O31*Lm*Fsw*V12_Min)/(V48_Nom*(V48_Nom-V12_Min))),(V12_Min/V48_Nom)) -> 0.37 | AC31: =IF($O31<((V48_Nom-V12_Min)*V12_Min)/((2*Lm*Fsw)*V48_Nom),SQRT((2*$O31*Lm*Fsw*V12_Min)/(V48_Nom*(V48_Nom-V12_Min)))*((V48_Nom-V12_Min)/(V12_Min)),1-(V12_Min/V48_Nom)) -> 0.63 | AD31: =IF($O31<((V48_Nom-V12_Min)*V12_Min)/((2*Lm*Fsw)*V48_Nom),(AB31/(Fsw*Lm))*(V48_Nom-V12_Min),((AB31/(Fsw*Lm))*(V48_Nom-V12_Min))) -> 6.1994681 | AE31: =IF($O31<((V48_Nom-V12_Min)*V12_Min)/((2*Lm*Fsw)*V48_Nom),(AB31/(Fsw*Lm))*(V48_Nom-V12_Min),(AD31/2)+$O31) -> 28.099734 | AF31: =IF($O31<((V48_Nom-V12_Nom)*V12_Nom)/((2*Lm*Fsw)*V48_Nom),SQRT((2*$O31*Lm*Fsw*V12_Nom)/(V48_Nom*(V48_Nom-V12_Nom))),(V12_Nom/V48_Nom)) -> 0.4 | AG31: =IF($O31<((V48_Nom-V12_Nom)*V12_Nom)/((2*Lm*Fsw)*V48_Nom),SQRT((2*$O31*Lm*Fsw*V12_Nom)/(V48_Nom*(V48_Nom-V12_Nom)))*((V48_Nom-V12_Nom)/(V12_Nom)),1-(V12_Nom/V48_Nom)) -> 0.6 | AH31: =IF($O31<((V48_Nom-V12_Nom)*V12_Nom)/((2*Lm*Fsw)*V48_Nom),(AF31/(Fsw*Lm))*(V48_Nom-V12_Nom),((AF31/(Fsw*Lm))*(V48_Nom-V12_Nom))) -> 6.3829787 | AI31: =IF($O31<((V48_Nom-V12_Nom)*V12_Nom)/((2*Lm*Fsw)*V48_Nom),(AF31/(Fsw*Lm))*(V48_Nom-V12_Nom),(AH31/2)+$O31) -> 28.191489 | AJ31: =IF($O31<((V48_Nom-V12_Max)*V12_Max)/((2*Lm*Fsw)*V48_Nom),SQRT((2*$O31*Lm*Fsw*V12_Max)/(V48_Nom*(V48_Nom-V12_Max))),(V12_Max/V48_Nom)) -> 0.52 | AK31: =IF($O31<((V48_Nom-V12_Max)*V12_Max)/((2*Lm*Fsw)*V48_Nom),SQRT((2*$O31*Lm*Fsw*V12_Max)/(V48_Nom*(V48_Nom-V12_Max)))*((V48_Nom-V12_Max)/(V12_Max)),1-(V12_Max/V48_Nom)) -> 0.48 | AL31: =IF($O31<((V48_Nom-V12_Max)*V12_Max)/((2*Lm*Fsw)*V48_Nom),(AJ31/(Fsw*Lm))*(V48_Nom-V12_Max),((AJ31/(Fsw*Lm))*(V48_Nom-V12_Max))) -> 6.6382979 | AM31: =IF($O31<((V48_Nom-V12_Max)*V12_Max)/((2*Lm*Fsw)*V48_Nom),(AJ31/(Fsw*Lm))*(V48_Nom-V12_Max),(AL31/2)+$O31) -> 28.319149
A32: Total Maximum Output Power | B32: =B30*np -> 2000 | C32: W | E32: Total output power based on Rcs selection | N32: 0.026 | O32: =N32/Rcs -> 26 | P32: =IF($O32<((V48_Min-V12_Nom)*V12_Nom)/((2*Lm*Fsw)*V48_Min),SQRT((2*$O32*Lm*Fsw*V12_Nom)/(V48_Min*(V48_Min-V12_Nom))),(V12_Nom/V48_Min)) -> 0.66666667 | Q32: =IF($O32<((V48_Min-V12_Nom)*V12_Nom)/((2*Lm*Fsw)*V48_Min),SQRT((2*$O32*Lm*Fsw*V12_Nom)/(V48_Min*(V48_Min-V12_Nom)))*((V48_Min-V12_Nom)/(V12_Nom)),1-(V12_Nom/V48_Min)) -> 0.33333333 | R32: =IF($O32<((V48_Min-V12_Nom)*V12_Nom)/((2*Lm*Fsw)*V48_Min),(P32/(Fsw*Lm))*(V48_Min-V12_Nom),((P32/(Fsw*Lm))*(V48_Min-V12_Nom))) -> 3.5460993 | S32: =IF($O32<((V48_Min-V12_Nom)*V12_Nom)/((2*Lm*Fsw)*V48_Min),(P32/(Fsw*Lm))*(V48_Min-V12_Nom),(R32/2)+$O32) -> 27.77305 | T32: =IF($O32<((V48_Nom-V12_Nom)*V12_Nom)/((2*Lm*Fsw)*V48_Nom),SQRT((2*$O32*Lm*Fsw*V12_Nom)/(V48_Nom*(V48_Nom-V12_Nom))),(V12_Nom/V48_Nom)) -> 0.4 | U32: =IF($O32<((V48_Nom-V12_Nom)*V12_Nom)/((2*Lm*Fsw)*V48_Nom),SQRT((2*$O32*Lm*Fsw*V12_Nom)/(V48_Nom*(V48_Nom-V12_Nom)))*((V48_Nom-V12_Nom)/(V12_Nom)),1-(V12_Nom/V48_Nom)) -> 0.6 | V32: =IF($O32<((V48_Nom-V12_Nom)*V12_Nom)/((2*Lm*Fsw)*V48_Nom),(T32/(Fsw*Lm))*(V48_Nom-V12_Nom),((T32/(Fsw*Lm))*(V48_Nom-V12_Nom))) -> 6.3829787 | W32: =IF($O32<((V48_Nom-V12_Nom)*V12_Nom)/((2*Lm*Fsw)*V48_Nom),(T32/(Fsw*Lm))*(V48_Nom-V12_Nom),(V32/2)+$O32) -> 29.191489 | X32: =IF($O32<((V48_Max-V12_Nom)*V12_Nom)/((2*Lm*Fsw)*V48_Max),SQRT((2*$O32*Lm*Fsw*V12_Nom)/(V48_Max*(V48_Max-V12_Nom))),(V12_Nom/V48_Max)) -> 0.23529412 | Y32: =IF($O32<((V48_Max-V12_Nom)*V12_Nom)/((2*Lm*Fsw)*V48_Max),SQRT((2*$O32*Lm*Fsw*V12_Nom)/(V48_Max*(V48_Max-V12_Nom)))*((V48_Max-V12_Nom)/(V12_Nom)),1-(V12_Nom/V48_Max)) -> 0.76470588 | Z32: =IF($O32<((V48_Max-V12_Nom)*V12_Nom)/((2*Lm*Fsw)*V48_Max),(X32/(Fsw*Lm))*(V48_Max-V12_Nom),((X32/(Fsw*Lm))*(V48_Max-V12_Nom))) -> 8.135169 | AA32: =IF($O32<((V48_Max-V12_Nom)*V12_Nom)/((2*Lm*Fsw)*V48_Max),(X32/(Fsw*Lm))*(V48_Max-V12_Nom),(Z32/2)+$O32) -> 30.067584 | AB32: =IF($O32<((V48_Nom-V12_Min)*V12_Min)/((2*Lm*Fsw)*V48_Nom),SQRT((2*$O32*Lm*Fsw*V12_Min)/(V48_Nom*(V48_Nom-V12_Min))),(V12_Min/V48_Nom)) -> 0.37 | AC32: =IF($O32<((V48_Nom-V12_Min)*V12_Min)/((2*Lm*Fsw)*V48_Nom),SQRT((2*$O32*Lm*Fsw*V12_Min)/(V48_Nom*(V48_Nom-V12_Min)))*((V48_Nom-V12_Min)/(V12_Min)),1-(V12_Min/V48_Nom)) -> 0.63 | AD32: =IF($O32<((V48_Nom-V12_Min)*V12_Min)/((2*Lm*Fsw)*V48_Nom),(AB32/(Fsw*Lm))*(V48_Nom-V12_Min),((AB32/(Fsw*Lm))*(V48_Nom-V12_Min))) -> 6.1994681 | AE32: =IF($O32<((V48_Nom-V12_Min)*V12_Min)/((2*Lm*Fsw)*V48_Nom),(AB32/(Fsw*Lm))*(V48_Nom-V12_Min),(AD32/2)+$O32) -> 29.099734 | AF32: =IF($O32<((V48_Nom-V12_Nom)*V12_Nom)/((2*Lm*Fsw)*V48_Nom),SQRT((2*$O32*Lm*Fsw*V12_Nom)/(V48_Nom*(V48_Nom-V12_Nom))),(V12_Nom/V48_Nom)) -> 0.4 | AG32: =IF($O32<((V48_Nom-V12_Nom)*V12_Nom)/((2*Lm*Fsw)*V48_Nom),SQRT((2*$O32*Lm*Fsw*V12_Nom)/(V48_Nom*(V48_Nom-V12_Nom)))*((V48_Nom-V12_Nom)/(V12_Nom)),1-(V12_Nom/V48_Nom)) -> 0.6 | AH32: =IF($O32<((V48_Nom-V12_Nom)*V12_Nom)/((2*Lm*Fsw)*V48_Nom),(AF32/(Fsw*Lm))*(V48_Nom-V12_Nom),((AF32/(Fsw*Lm))*(V48_Nom-V12_Nom))) -> 6.3829787 | AI32: =IF($O32<((V48_Nom-V12_Nom)*V12_Nom)/((2*Lm*Fsw)*V48_Nom),(AF32/(Fsw*Lm))*(V48_Nom-V12_Nom),(AH32/2)+$O32) -> 29.191489 | AJ32: =IF($O32<((V48_Nom-V12_Max)*V12_Max)/((2*Lm*Fsw)*V48_Nom),SQRT((2*$O32*Lm*Fsw*V12_Max)/(V48_Nom*(V48_Nom-V12_Max))),(V12_Max/V48_Nom)) -> 0.52 | AK32: =IF($O32<((V48_Nom-V12_Max)*V12_Max)/((2*Lm*Fsw)*V48_Nom),SQRT((2*$O32*Lm*Fsw*V12_Max)/(V48_Nom*(V48_Nom-V12_Max)))*((V48_Nom-V12_Max)/(V12_Max)),1-(V12_Max/V48_Nom)) -> 0.48 | AL32: =IF($O32<((V48_Nom-V12_Max)*V12_Max)/((2*Lm*Fsw)*V48_Nom),(AJ32/(Fsw*Lm))*(V48_Nom-V12_Max),((AJ32/(Fsw*Lm))*(V48_Nom-V12_Max))) -> 6.6382979 | AM32: =IF($O32<((V48_Nom-V12_Max)*V12_Max)/((2*Lm*Fsw)*V48_Nom),(AJ32/(Fsw*Lm))*(V48_Nom-V12_Max),(AL32/2)+$O32) -> 29.319149
N33: 0.027 | O33: =N33/Rcs -> 27 | P33: =IF($O33<((V48_Min-V12_Nom)*V12_Nom)/((2*Lm*Fsw)*V48_Min),SQRT((2*$O33*Lm*Fsw*V12_Nom)/(V48_Min*(V48_Min-V12_Nom))),(V12_Nom/V48_Min)) -> 0.66666667 | Q33: =IF($O33<((V48_Min-V12_Nom)*V12_Nom)/((2*Lm*Fsw)*V48_Min),SQRT((2*$O33*Lm*Fsw*V12_Nom)/(V48_Min*(V48_Min-V12_Nom)))*((V48_Min-V12_Nom)/(V12_Nom)),1-(V12_Nom/V48_Min)) -> 0.33333333 | R33: =IF($O33<((V48_Min-V12_Nom)*V12_Nom)/((2*Lm*Fsw)*V48_Min),(P33/(Fsw*Lm))*(V48_Min-V12_Nom),((P33/(Fsw*Lm))*(V48_Min-V12_Nom))) -> 3.5460993 | S33: =IF($O33<((V48_Min-V12_Nom)*V12_Nom)/((2*Lm*Fsw)*V48_Min),(P33/(Fsw*Lm))*(V48_Min-V12_Nom),(R33/2)+$O33) -> 28.77305 | T33: =IF($O33<((V48_Nom-V12_Nom)*V12_Nom)/((2*Lm*Fsw)*V48_Nom),SQRT((2*$O33*Lm*Fsw*V12_Nom)/(V48_Nom*(V48_Nom-V12_Nom))),(V12_Nom/V48_Nom)) -> 0.4 | U33: =IF($O33<((V48_Nom-V12_Nom)*V12_Nom)/((2*Lm*Fsw)*V48_Nom),SQRT((2*$O33*Lm*Fsw*V12_Nom)/(V48_Nom*(V48_Nom-V12_Nom)))*((V48_Nom-V12_Nom)/(V12_Nom)),1-(V12_Nom/V48_Nom)) -> 0.6 | V33: =IF($O33<((V48_Nom-V12_Nom)*V12_Nom)/((2*Lm*Fsw)*V48_Nom),(T33/(Fsw*Lm))*(V48_Nom-V12_Nom),((T33/(Fsw*Lm))*(V48_Nom-V12_Nom))) -> 6.3829787 | W33: =IF($O33<((V48_Nom-V12_Nom)*V12_Nom)/((2*Lm*Fsw)*V48_Nom),(T33/(Fsw*Lm))*(V48_Nom-V12_Nom),(V33/2)+$O33) -> 30.191489 | X33: =IF($O33<((V48_Max-V12_Nom)*V12_Nom)/((2*Lm*Fsw)*V48_Max),SQRT((2*$O33*Lm*Fsw*V12_Nom)/(V48_Max*(V48_Max-V12_Nom))),(V12_Nom/V48_Max)) -> 0.23529412 | Y33: =IF($O33<((V48_Max-V12_Nom)*V12_Nom)/((2*Lm*Fsw)*V48_Max),SQRT((2*$O33*Lm*Fsw*V12_Nom)/(V48_Max*(V48_Max-V12_Nom)))*((V48_Max-V12_Nom)/(V12_Nom)),1-(V12_Nom/V48_Max)) -> 0.76470588 | Z33: =IF($O33<((V48_Max-V12_Nom)*V12_Nom)/((2*Lm*Fsw)*V48_Max),(X33/(Fsw*Lm))*(V48_Max-V12_Nom),((X33/(Fsw*Lm))*(V48_Max-V12_Nom))) -> 8.135169 | AA33: =IF($O33<((V48_Max-V12_Nom)*V12_Nom)/((2*Lm*Fsw)*V48_Max),(X33/(Fsw*Lm))*(V48_Max-V12_Nom),(Z33/2)+$O33) -> 31.067584 | AB33: =IF($O33<((V48_Nom-V12_Min)*V12_Min)/((2*Lm*Fsw)*V48_Nom),SQRT((2*$O33*Lm*Fsw*V12_Min)/(V48_Nom*(V48_Nom-V12_Min))),(V12_Min/V48_Nom)) -> 0.37 | AC33: =IF($O33<((V48_Nom-V12_Min)*V12_Min)/((2*Lm*Fsw)*V48_Nom),SQRT((2*$O33*Lm*Fsw*V12_Min)/(V48_Nom*(V48_Nom-V12_Min)))*((V48_Nom-V12_Min)/(V12_Min)),1-(V12_Min/V48_Nom)) -> 0.63 | AD33: =IF($O33<((V48_Nom-V12_Min)*V12_Min)/((2*Lm*Fsw)*V48_Nom),(AB33/(Fsw*Lm))*(V48_Nom-V12_Min),((AB33/(Fsw*Lm))*(V48_Nom-V12_Min))) -> 6.1994681 | AE33: =IF($O33<((V48_Nom-V12_Min)*V12_Min)/((2*Lm*Fsw)*V48_Nom),(AB33/(Fsw*Lm))*(V48_Nom-V12_Min),(AD33/2)+$O33) -> 30.099734 | AF33: =IF($O33<((V48_Nom-V12_Nom)*V12_Nom)/((2*Lm*Fsw)*V48_Nom),SQRT((2*$O33*Lm*Fsw*V12_Nom)/(V48_Nom*(V48_Nom-V12_Nom))),(V12_Nom/V48_Nom)) -> 0.4 | AG33: =IF($O33<((V48_Nom-V12_Nom)*V12_Nom)/((2*Lm*Fsw)*V48_Nom),SQRT((2*$O33*Lm*Fsw*V12_Nom)/(V48_Nom*(V48_Nom-V12_Nom)))*((V48_Nom-V12_Nom)/(V12_Nom)),1-(V12_Nom/V48_Nom)) -> 0.6 | AH33: =IF($O33<((V48_Nom-V12_Nom)*V12_Nom)/((2*Lm*Fsw)*V48_Nom),(AF33/(Fsw*Lm))*(V48_Nom-V12_Nom),((AF33/(Fsw*Lm))*(V48_Nom-V12_Nom))) -> 6.3829787 | AI33: =IF($O33<((V48_Nom-V12_Nom)*V12_Nom)/((2*Lm*Fsw)*V48_Nom),(AF33/(Fsw*Lm))*(V48_Nom-V12_Nom),(AH33/2)+$O33) -> 30.191489 | AJ33: =IF($O33<((V48_Nom-V12_Max)*V12_Max)/((2*Lm*Fsw)*V48_Nom),SQRT((2*$O33*Lm*Fsw*V12_Max)/(V48_Nom*(V48_Nom-V12_Max))),(V12_Max/V48_Nom)) -> 0.52 | AK33: =IF($O33<((V48_Nom-V12_Max)*V12_Max)/((2*Lm*Fsw)*V48_Nom),SQRT((2*$O33*Lm*Fsw*V12_Max)/(V48_Nom*(V48_Nom-V12_Max)))*((V48_Nom-V12_Max)/(V12_Max)),1-(V12_Max/V48_Nom)) -> 0.48 | AL33: =IF($O33<((V48_Nom-V12_Max)*V12_Max)/((2*Lm*Fsw)*V48_Nom),(AJ33/(Fsw*Lm))*(V48_Nom-V12_Max),((AJ33/(Fsw*Lm))*(V48_Nom-V12_Max))) -> 6.6382979 | AM33: =IF($O33<((V48_Nom-V12_Max)*V12_Max)/((2*Lm*Fsw)*V48_Nom),(AJ33/(Fsw*Lm))*(V48_Nom-V12_Max),(AL33/2)+$O33) -> 30.319149
N34: 0.028 | O34: =N34/Rcs -> 28 | P34: =IF($O34<((V48_Min-V12_Nom)*V12_Nom)/((2*Lm*Fsw)*V48_Min),SQRT((2*$O34*Lm*Fsw*V12_Nom)/(V48_Min*(V48_Min-V12_Nom))),(V12_Nom/V48_Min)) -> 0.66666667 | Q34: =IF($O34<((V48_Min-V12_Nom)*V12_Nom)/((2*Lm*Fsw)*V48_Min),SQRT((2*$O34*Lm*Fsw*V12_Nom)/(V48_Min*(V48_Min-V12_Nom)))*((V48_Min-V12_Nom)/(V12_Nom)),1-(V12_Nom/V48_Min)) -> 0.33333333 | R34: =IF($O34<((V48_Min-V12_Nom)*V12_Nom)/((2*Lm*Fsw)*V48_Min),(P34/(Fsw*Lm))*(V48_Min-V12_Nom),((P34/(Fsw*Lm))*(V48_Min-V12_Nom))) -> 3.5460993 | S34: =IF($O34<((V48_Min-V12_Nom)*V12_Nom)/((2*Lm*Fsw)*V48_Min),(P34/(Fsw*Lm))*(V48_Min-V12_Nom),(R34/2)+$O34) -> 29.77305 | T34: =IF($O34<((V48_Nom-V12_Nom)*V12_Nom)/((2*Lm*Fsw)*V48_Nom),SQRT((2*$O34*Lm*Fsw*V12_Nom)/(V48_Nom*(V48_Nom-V12_Nom))),(V12_Nom/V48_Nom)) -> 0.4 | U34: =IF($O34<((V48_Nom-V12_Nom)*V12_Nom)/((2*Lm*Fsw)*V48_Nom),SQRT((2*$O34*Lm*Fsw*V12_Nom)/(V48_Nom*(V48_Nom-V12_Nom)))*((V48_Nom-V12_Nom)/(V12_Nom)),1-(V12_Nom/V48_Nom)) -> 0.6 | V34: =IF($O34<((V48_Nom-V12_Nom)*V12_Nom)/((2*Lm*Fsw)*V48_Nom),(T34/(Fsw*Lm))*(V48_Nom-V12_Nom),((T34/(Fsw*Lm))*(V48_Nom-V12_Nom))) -> 6.3829787 | W34: =IF($O34<((V48_Nom-V12_Nom)*V12_Nom)/((2*Lm*Fsw)*V48_Nom),(T34/(Fsw*Lm))*(V48_Nom-V12_Nom),(V34/2)+$O34) -> 31.191489 | X34: =IF($O34<((V48_Max-V12_Nom)*V12_Nom)/((2*Lm*Fsw)*V48_Max),SQRT((2*$O34*Lm*Fsw*V12_Nom)/(V48_Max*(V48_Max-V12_Nom))),(V12_Nom/V48_Max)) -> 0.23529412 | Y34: =IF($O34<((V48_Max-V12_Nom)*V12_Nom)/((2*Lm*Fsw)*V48_Max),SQRT((2*$O34*Lm*Fsw*V12_Nom)/(V48_Max*(V48_Max-V12_Nom)))*((V48_Max-V12_Nom)/(V12_Nom)),1-(V12_Nom/V48_Max)) -> 0.76470588 | Z34: =IF($O34<((V48_Max-V12_Nom)*V12_Nom)/((2*Lm*Fsw)*V48_Max),(X34/(Fsw*Lm))*(V48_Max-V12_Nom),((X34/(Fsw*Lm))*(V48_Max-V12_Nom))) -> 8.135169 | AA34: =IF($O34<((V48_Max-V12_Nom)*V12_Nom)/((2*Lm*Fsw)*V48_Max),(X34/(Fsw*Lm))*(V48_Max-V12_Nom),(Z34/2)+$O34) -> 32.067584 | AB34: =IF($O34<((V48_Nom-V12_Min)*V12_Min)/((2*Lm*Fsw)*V48_Nom),SQRT((2*$O34*Lm*Fsw*V12_Min)/(V48_Nom*(V48_Nom-V12_Min))),(V12_Min/V48_Nom)) -> 0.37 | AC34: =IF($O34<((V48_Nom-V12_Min)*V12_Min)/((2*Lm*Fsw)*V48_Nom),SQRT((2*$O34*Lm*Fsw*V12_Min)/(V48_Nom*(V48_Nom-V12_Min)))*((V48_Nom-V12_Min)/(V12_Min)),1-(V12_Min/V48_Nom)) -> 0.63 | AD34: =IF($O34<((V48_Nom-V12_Min)*V12_Min)/((2*Lm*Fsw)*V48_Nom),(AB34/(Fsw*Lm))*(V48_Nom-V12_Min),((AB34/(Fsw*Lm))*(V48_Nom-V12_Min))) -> 6.1994681 | AE34: =IF($O34<((V48_Nom-V12_Min)*V12_Min)/((2*Lm*Fsw)*V48_Nom),(AB34/(Fsw*Lm))*(V48_Nom-V12_Min),(AD34/2)+$O34) -> 31.099734 | AF34: =IF($O34<((V48_Nom-V12_Nom)*V12_Nom)/((2*Lm*Fsw)*V48_Nom),SQRT((2*$O34*Lm*Fsw*V12_Nom)/(V48_Nom*(V48_Nom-V12_Nom))),(V12_Nom/V48_Nom)) -> 0.4 | AG34: =IF($O34<((V48_Nom-V12_Nom)*V12_Nom)/((2*Lm*Fsw)*V48_Nom),SQRT((2*$O34*Lm*Fsw*V12_Nom)/(V48_Nom*(V48_Nom-V12_Nom)))*((V48_Nom-V12_Nom)/(V12_Nom)),1-(V12_Nom/V48_Nom)) -> 0.6 | AH34: =IF($O34<((V48_Nom-V12_Nom)*V12_Nom)/((2*Lm*Fsw)*V48_Nom),(AF34/(Fsw*Lm))*(V48_Nom-V12_Nom),((AF34/(Fsw*Lm))*(V48_Nom-V12_Nom))) -> 6.3829787 | AI34: =IF($O34<((V48_Nom-V12_Nom)*V12_Nom)/((2*Lm*Fsw)*V48_Nom),(AF34/(Fsw*Lm))*(V48_Nom-V12_Nom),(AH34/2)+$O34) -> 31.191489 | AJ34: =IF($O34<((V48_Nom-V12_Max)*V12_Max)/((2*Lm*Fsw)*V48_Nom),SQRT((2*$O34*Lm*Fsw*V12_Max)/(V48_Nom*(V48_Nom-V12_Max))),(V12_Max/V48_Nom)) -> 0.52 | AK34: =IF($O34<((V48_Nom-V12_Max)*V12_Max)/((2*Lm*Fsw)*V48_Nom),SQRT((2*$O34*Lm*Fsw*V12_Max)/(V48_Nom*(V48_Nom-V12_Max)))*((V48_Nom-V12_Max)/(V12_Max)),1-(V12_Max/V48_Nom)) -> 0.48 | AL34: =IF($O34<((V48_Nom-V12_Max)*V12_Max)/((2*Lm*Fsw)*V48_Nom),(AJ34/(Fsw*Lm))*(V48_Nom-V12_Max),((AJ34/(Fsw*Lm))*(V48_Nom-V12_Max))) -> 6.6382979 | AM34: =IF($O34<((V48_Nom-V12_Max)*V12_Max)/((2*Lm*Fsw)*V48_Nom),(AJ34/(Fsw*Lm))*(V48_Nom-V12_Max),(AL34/2)+$O34) -> 31.319149
A35: Inductor Calculations | N35: 0.029 | O35: =N35/Rcs -> 29 | P35: =IF($O35<((V48_Min-V12_Nom)*V12_Nom)/((2*Lm*Fsw)*V48_Min),SQRT((2*$O35*Lm*Fsw*V12_Nom)/(V48_Min*(V48_Min-V12_Nom))),(V12_Nom/V48_Min)) -> 0.66666667 | Q35: =IF($O35<((V48_Min-V12_Nom)*V12_Nom)/((2*Lm*Fsw)*V48_Min),SQRT((2*$O35*Lm*Fsw*V12_Nom)/(V48_Min*(V48_Min-V12_Nom)))*((V48_Min-V12_Nom)/(V12_Nom)),1-(V12_Nom/V48_Min)) -> 0.33333333 | R35: =IF($O35<((V48_Min-V12_Nom)*V12_Nom)/((2*Lm*Fsw)*V48_Min),(P35/(Fsw*Lm))*(V48_Min-V12_Nom),((P35/(Fsw*Lm))*(V48_Min-V12_Nom))) -> 3.5460993 | S35: =IF($O35<((V48_Min-V12_Nom)*V12_Nom)/((2*Lm*Fsw)*V48_Min),(P35/(Fsw*Lm))*(V48_Min-V12_Nom),(R35/2)+$O35) -> 30.77305 | T35: =IF($O35<((V48_Nom-V12_Nom)*V12_Nom)/((2*Lm*Fsw)*V48_Nom),SQRT((2*$O35*Lm*Fsw*V12_Nom)/(V48_Nom*(V48_Nom-V12_Nom))),(V12_Nom/V48_Nom)) -> 0.4 | U35: =IF($O35<((V48_Nom-V12_Nom)*V12_Nom)/((2*Lm*Fsw)*V48_Nom),SQRT((2*$O35*Lm*Fsw*V12_Nom)/(V48_Nom*(V48_Nom-V12_Nom)))*((V48_Nom-V12_Nom)/(V12_Nom)),1-(V12_Nom/V48_Nom)) -> 0.6 | V35: =IF($O35<((V48_Nom-V12_Nom)*V12_Nom)/((2*Lm*Fsw)*V48_Nom),(T35/(Fsw*Lm))*(V48_Nom-V12_Nom),((T35/(Fsw*Lm))*(V48_Nom-V12_Nom))) -> 6.3829787 | W35: =IF($O35<((V48_Nom-V12_Nom)*V12_Nom)/((2*Lm*Fsw)*V48_Nom),(T35/(Fsw*Lm))*(V48_Nom-V12_Nom),(V35/2)+$O35) -> 32.191489 | X35: =IF($O35<((V48_Max-V12_Nom)*V12_Nom)/((2*Lm*Fsw)*V48_Max),SQRT((2*$O35*Lm*Fsw*V12_Nom)/(V48_Max*(V48_Max-V12_Nom))),(V12_Nom/V48_Max)) -> 0.23529412 | Y35: =IF($O35<((V48_Max-V12_Nom)*V12_Nom)/((2*Lm*Fsw)*V48_Max),SQRT((2*$O35*Lm*Fsw*V12_Nom)/(V48_Max*(V48_Max-V12_Nom)))*((V48_Max-V12_Nom)/(V12_Nom)),1-(V12_Nom/V48_Max)) -> 0.76470588 | Z35: =IF($O35<((V48_Max-V12_Nom)*V12_Nom)/((2*Lm*Fsw)*V48_Max),(X35/(Fsw*Lm))*(V48_Max-V12_Nom),((X35/(Fsw*Lm))*(V48_Max-V12_Nom))) -> 8.135169 | AA35: =IF($O35<((V48_Max-V12_Nom)*V12_Nom)/((2*Lm*Fsw)*V48_Max),(X35/(Fsw*Lm))*(V48_Max-V12_Nom),(Z35/2)+$O35) -> 33.067584 | AB35: =IF($O35<((V48_Nom-V12_Min)*V12_Min)/((2*Lm*Fsw)*V48_Nom),SQRT((2*$O35*Lm*Fsw*V12_Min)/(V48_Nom*(V48_Nom-V12_Min))),(V12_Min/V48_Nom)) -> 0.37 | AC35: =IF($O35<((V48_Nom-V12_Min)*V12_Min)/((2*Lm*Fsw)*V48_Nom),SQRT((2*$O35*Lm*Fsw*V12_Min)/(V48_Nom*(V48_Nom-V12_Min)))*((V48_Nom-V12_Min)/(V12_Min)),1-(V12_Min/V48_Nom)) -> 0.63 | AD35: =IF($O35<((V48_Nom-V12_Min)*V12_Min)/((2*Lm*Fsw)*V48_Nom),(AB35/(Fsw*Lm))*(V48_Nom-V12_Min),((AB35/(Fsw*Lm))*(V48_Nom-V12_Min))) -> 6.1994681 | AE35: =IF($O35<((V48_Nom-V12_Min)*V12_Min)/((2*Lm*Fsw)*V48_Nom),(AB35/(Fsw*Lm))*(V48_Nom-V12_Min),(AD35/2)+$O35) -> 32.099734 | AF35: =IF($O35<((V48_Nom-V12_Nom)*V12_Nom)/((2*Lm*Fsw)*V48_Nom),SQRT((2*$O35*Lm*Fsw*V12_Nom)/(V48_Nom*(V48_Nom-V12_Nom))),(V12_Nom/V48_Nom)) -> 0.4 | AG35: =IF($O35<((V48_Nom-V12_Nom)*V12_Nom)/((2*Lm*Fsw)*V48_Nom),SQRT((2*$O35*Lm*Fsw*V12_Nom)/(V48_Nom*(V48_Nom-V12_Nom)))*((V48_Nom-V12_Nom)/(V12_Nom)),1-(V12_Nom/V48_Nom)) -> 0.6 | AH35: =IF($O35<((V48_Nom-V12_Nom)*V12_Nom)/((2*Lm*Fsw)*V48_Nom),(AF35/(Fsw*Lm))*(V48_Nom-V12_Nom),((AF35/(Fsw*Lm))*(V48_Nom-V12_Nom))) -> 6.3829787 | AI35: =IF($O35<((V48_Nom-V12_Nom)*V12_Nom)/((2*Lm*Fsw)*V48_Nom),(AF35/(Fsw*Lm))*(V48_Nom-V12_Nom),(AH35/2)+$O35) -> 32.191489 | AJ35: =IF($O35<((V48_Nom-V12_Max)*V12_Max)/((2*Lm*Fsw)*V48_Nom),SQRT((2*$O35*Lm*Fsw*V12_Max)/(V48_Nom*(V48_Nom-V12_Max))),(V12_Max/V48_Nom)) -> 0.52 | AK35: =IF($O35<((V48_Nom-V12_Max)*V12_Max)/((2*Lm*Fsw)*V48_Nom),SQRT((2*$O35*Lm*Fsw*V12_Max)/(V48_Nom*(V48_Nom-V12_Max)))*((V48_Nom-V12_Max)/(V12_Max)),1-(V12_Max/V48_Nom)) -> 0.48 | AL35: =IF($O35<((V48_Nom-V12_Max)*V12_Max)/((2*Lm*Fsw)*V48_Nom),(AJ35/(Fsw*Lm))*(V48_Nom-V12_Max),((AJ35/(Fsw*Lm))*(V48_Nom-V12_Max))) -> 6.6382979 | AM35: =IF($O35<((V48_Nom-V12_Max)*V12_Max)/((2*Lm*Fsw)*V48_Nom),(AJ35/(Fsw*Lm))*(V48_Nom-V12_Max),(AL35/2)+$O35) -> 32.319149
A36: Selected Ripple Ratio | B36: =Design_Converter!B35/100 -> 0.306 | E36: Peak to Peak ripple Ratio based on full designed load parameter | N36: 0.03 | O36: =N36/Rcs -> 30 | P36: =IF($O36<((V48_Min-V12_Nom)*V12_Nom)/((2*Lm*Fsw)*V48_Min),SQRT((2*$O36*Lm*Fsw*V12_Nom)/(V48_Min*(V48_Min-V12_Nom))),(V12_Nom/V48_Min)) -> 0.66666667 | Q36: =IF($O36<((V48_Min-V12_Nom)*V12_Nom)/((2*Lm*Fsw)*V48_Min),SQRT((2*$O36*Lm*Fsw*V12_Nom)/(V48_Min*(V48_Min-V12_Nom)))*((V48_Min-V12_Nom)/(V12_Nom)),1-(V12_Nom/V48_Min)) -> 0.33333333 | R36: =IF($O36<((V48_Min-V12_Nom)*V12_Nom)/((2*Lm*Fsw)*V48_Min),(P36/(Fsw*Lm))*(V48_Min-V12_Nom),((P36/(Fsw*Lm))*(V48_Min-V12_Nom))) -> 3.5460993 | S36: =IF($O36<((V48_Min-V12_Nom)*V12_Nom)/((2*Lm*Fsw)*V48_Min),(P36/(Fsw*Lm))*(V48_Min-V12_Nom),(R36/2)+$O36) -> 31.77305 | T36: =IF($O36<((V48_Nom-V12_Nom)*V12_Nom)/((2*Lm*Fsw)*V48_Nom),SQRT((2*$O36*Lm*Fsw*V12_Nom)/(V48_Nom*(V48_Nom-V12_Nom))),(V12_Nom/V48_Nom)) -> 0.4 | U36: =IF($O36<((V48_Nom-V12_Nom)*V12_Nom)/((2*Lm*Fsw)*V48_Nom),SQRT((2*$O36*Lm*Fsw*V12_Nom)/(V48_Nom*(V48_Nom-V12_Nom)))*((V48_Nom-V12_Nom)/(V12_Nom)),1-(V12_Nom/V48_Nom)) -> 0.6 | V36: =IF($O36<((V48_Nom-V12_Nom)*V12_Nom)/((2*Lm*Fsw)*V48_Nom),(T36/(Fsw*Lm))*(V48_Nom-V12_Nom),((T36/(Fsw*Lm))*(V48_Nom-V12_Nom))) -> 6.3829787 | W36: =IF($O36<((V48_Nom-V12_Nom)*V12_Nom)/((2*Lm*Fsw)*V48_Nom),(T36/(Fsw*Lm))*(V48_Nom-V12_Nom),(V36/2)+$O36) -> 33.191489 | X36: =IF($O36<((V48_Max-V12_Nom)*V12_Nom)/((2*Lm*Fsw)*V48_Max),SQRT((2*$O36*Lm*Fsw*V12_Nom)/(V48_Max*(V48_Max-V12_Nom))),(V12_Nom/V48_Max)) -> 0.23529412 | Y36: =IF($O36<((V48_Max-V12_Nom)*V12_Nom)/((2*Lm*Fsw)*V48_Max),SQRT((2*$O36*Lm*Fsw*V12_Nom)/(V48_Max*(V48_Max-V12_Nom)))*((V48_Max-V12_Nom)/(V12_Nom)),1-(V12_Nom/V48_Max)) -> 0.76470588 | Z36: =IF($O36<((V48_Max-V12_Nom)*V12_Nom)/((2*Lm*Fsw)*V48_Max),(X36/(Fsw*Lm))*(V48_Max-V12_Nom),((X36/(Fsw*Lm))*(V48_Max-V12_Nom))) -> 8.135169 | AA36: =IF($O36<((V48_Max-V12_Nom)*V12_Nom)/((2*Lm*Fsw)*V48_Max),(X36/(Fsw*Lm))*(V48_Max-V12_Nom),(Z36/2)+$O36) -> 34.067584 | AB36: =IF($O36<((V48_Nom-V12_Min)*V12_Min)/((2*Lm*Fsw)*V48_Nom),SQRT((2*$O36*Lm*Fsw*V12_Min)/(V48_Nom*(V48_Nom-V12_Min))),(V12_Min/V48_Nom)) -> 0.37 | AC36: =IF($O36<((V48_Nom-V12_Min)*V12_Min)/((2*Lm*Fsw)*V48_Nom),SQRT((2*$O36*Lm*Fsw*V12_Min)/(V48_Nom*(V48_Nom-V12_Min)))*((V48_Nom-V12_Min)/(V12_Min)),1-(V12_Min/V48_Nom)) -> 0.63 | AD36: =IF($O36<((V48_Nom-V12_Min)*V12_Min)/((2*Lm*Fsw)*V48_Nom),(AB36/(Fsw*Lm))*(V48_Nom-V12_Min),((AB36/(Fsw*Lm))*(V48_Nom-V12_Min))) -> 6.1994681 | AE36: =IF($O36<((V48_Nom-V12_Min)*V12_Min)/((2*Lm*Fsw)*V48_Nom),(AB36/(Fsw*Lm))*(V48_Nom-V12_Min),(AD36/2)+$O36) -> 33.099734 | AF36: =IF($O36<((V48_Nom-V12_Nom)*V12_Nom)/((2*Lm*Fsw)*V48_Nom),SQRT((2*$O36*Lm*Fsw*V12_Nom)/(V48_Nom*(V48_Nom-V12_Nom))),(V12_Nom/V48_Nom)) -> 0.4 | AG36: =IF($O36<((V48_Nom-V12_Nom)*V12_Nom)/((2*Lm*Fsw)*V48_Nom),SQRT((2*$O36*Lm*Fsw*V12_Nom)/(V48_Nom*(V48_Nom-V12_Nom)))*((V48_Nom-V12_Nom)/(V12_Nom)),1-(V12_Nom/V48_Nom)) -> 0.6 | AH36: =IF($O36<((V48_Nom-V12_Nom)*V12_Nom)/((2*Lm*Fsw)*V48_Nom),(AF36/(Fsw*Lm))*(V48_Nom-V12_Nom),((AF36/(Fsw*Lm))*(V48_Nom-V12_Nom))) -> 6.3829787 | AI36: =IF($O36<((V48_Nom-V12_Nom)*V12_Nom)/((2*Lm*Fsw)*V48_Nom),(AF36/(Fsw*Lm))*(V48_Nom-V12_Nom),(AH36/2)+$O36) -> 33.191489 | AJ36: =IF($O36<((V48_Nom-V12_Max)*V12_Max)/((2*Lm*Fsw)*V48_Nom),SQRT((2*$O36*Lm*Fsw*V12_Max)/(V48_Nom*(V48_Nom-V12_Max))),(V12_Max/V48_Nom)) -> 0.52 | AK36: =IF($O36<((V48_Nom-V12_Max)*V12_Max)/((2*Lm*Fsw)*V48_Nom),SQRT((2*$O36*Lm*Fsw*V12_Max)/(V48_Nom*(V48_Nom-V12_Max)))*((V48_Nom-V12_Max)/(V12_Max)),1-(V12_Max/V48_Nom)) -> 0.48 | AL36: =IF($O36<((V48_Nom-V12_Max)*V12_Max)/((2*Lm*Fsw)*V48_Nom),(AJ36/(Fsw*Lm))*(V48_Nom-V12_Max),((AJ36/(Fsw*Lm))*(V48_Nom-V12_Max))) -> 6.6382979 | AM36: =IF($O36<((V48_Nom-V12_Max)*V12_Max)/((2*Lm*Fsw)*V48_Nom),(AJ36/(Fsw*Lm))*(V48_Nom-V12_Max),(AL36/2)+$O36) -> 33.319149
A37: Typical Case (V48_nom, V12_nom) | B37: =(V48_Max-V12_Nom)*(V12_Nom/V48_Max)/((B25)*(B36)*Fsw)*(1000000) -> 5.5534196 | C37: uH | E37: Calcualted inductor based on full load design parameters, Nominal V12 and Maximum V48 Voltages | N37: 0.031 | O37: =N37/Rcs -> 31 | P37: =IF($O37<((V48_Min-V12_Nom)*V12_Nom)/((2*Lm*Fsw)*V48_Min),SQRT((2*$O37*Lm*Fsw*V12_Nom)/(V48_Min*(V48_Min-V12_Nom))),(V12_Nom/V48_Min)) -> 0.66666667 | Q37: =IF($O37<((V48_Min-V12_Nom)*V12_Nom)/((2*Lm*Fsw)*V48_Min),SQRT((2*$O37*Lm*Fsw*V12_Nom)/(V48_Min*(V48_Min-V12_Nom)))*((V48_Min-V12_Nom)/(V12_Nom)),1-(V12_Nom/V48_Min)) -> 0.33333333 | R37: =IF($O37<((V48_Min-V12_Nom)*V12_Nom)/((2*Lm*Fsw)*V48_Min),(P37/(Fsw*Lm))*(V48_Min-V12_Nom),((P37/(Fsw*Lm))*(V48_Min-V12_Nom))) -> 3.5460993 | S37: =IF($O37<((V48_Min-V12_Nom)*V12_Nom)/((2*Lm*Fsw)*V48_Min),(P37/(Fsw*Lm))*(V48_Min-V12_Nom),(R37/2)+$O37) -> 32.77305 | T37: =IF($O37<((V48_Nom-V12_Nom)*V12_Nom)/((2*Lm*Fsw)*V48_Nom),SQRT((2*$O37*Lm*Fsw*V12_Nom)/(V48_Nom*(V48_Nom-V12_Nom))),(V12_Nom/V48_Nom)) -> 0.4 | U37: =IF($O37<((V48_Nom-V12_Nom)*V12_Nom)/((2*Lm*Fsw)*V48_Nom),SQRT((2*$O37*Lm*Fsw*V12_Nom)/(V48_Nom*(V48_Nom-V12_Nom)))*((V48_Nom-V12_Nom)/(V12_Nom)),1-(V12_Nom/V48_Nom)) -> 0.6 | V37: =IF($O37<((V48_Nom-V12_Nom)*V12_Nom)/((2*Lm*Fsw)*V48_Nom),(T37/(Fsw*Lm))*(V48_Nom-V12_Nom),((T37/(Fsw*Lm))*(V48_Nom-V12_Nom))) -> 6.3829787 | W37: =IF($O37<((V48_Nom-V12_Nom)*V12_Nom)/((2*Lm*Fsw)*V48_Nom),(T37/(Fsw*Lm))*(V48_Nom-V12_Nom),(V37/2)+$O37) -> 34.191489 | X37: =IF($O37<((V48_Max-V12_Nom)*V12_Nom)/((2*Lm*Fsw)*V48_Max),SQRT((2*$O37*Lm*Fsw*V12_Nom)/(V48_Max*(V48_Max-V12_Nom))),(V12_Nom/V48_Max)) -> 0.23529412 | Y37: =IF($O37<((V48_Max-V12_Nom)*V12_Nom)/((2*Lm*Fsw)*V48_Max),SQRT((2*$O37*Lm*Fsw*V12_Nom)/(V48_Max*(V48_Max-V12_Nom)))*((V48_Max-V12_Nom)/(V12_Nom)),1-(V12_Nom/V48_Max)) -> 0.76470588 | Z37: =IF($O37<((V48_Max-V12_Nom)*V12_Nom)/((2*Lm*Fsw)*V48_Max),(X37/(Fsw*Lm))*(V48_Max-V12_Nom),((X37/(Fsw*Lm))*(V48_Max-V12_Nom))) -> 8.135169 | AA37: =IF($O37<((V48_Max-V12_Nom)*V12_Nom)/((2*Lm*Fsw)*V48_Max),(X37/(Fsw*Lm))*(V48_Max-V12_Nom),(Z37/2)+$O37) -> 35.067584 | AB37: =IF($O37<((V48_Nom-V12_Min)*V12_Min)/((2*Lm*Fsw)*V48_Nom),SQRT((2*$O37*Lm*Fsw*V12_Min)/(V48_Nom*(V48_Nom-V12_Min))),(V12_Min/V48_Nom)) -> 0.37 | AC37: =IF($O37<((V48_Nom-V12_Min)*V12_Min)/((2*Lm*Fsw)*V48_Nom),SQRT((2*$O37*Lm*Fsw*V12_Min)/(V48_Nom*(V48_Nom-V12_Min)))*((V48_Nom-V12_Min)/(V12_Min)),1-(V12_Min/V48_Nom)) -> 0.63 | AD37: =IF($O37<((V48_Nom-V12_Min)*V12_Min)/((2*Lm*Fsw)*V48_Nom),(AB37/(Fsw*Lm))*(V48_Nom-V12_Min),((AB37/(Fsw*Lm))*(V48_Nom-V12_Min))) -> 6.1994681 | AE37: =IF($O37<((V48_Nom-V12_Min)*V12_Min)/((2*Lm*Fsw)*V48_Nom),(AB37/(Fsw*Lm))*(V48_Nom-V12_Min),(AD37/2)+$O37) -> 34.099734 | AF37: =IF($O37<((V48_Nom-V12_Nom)*V12_Nom)/((2*Lm*Fsw)*V48_Nom),SQRT((2*$O37*Lm*Fsw*V12_Nom)/(V48_Nom*(V48_Nom-V12_Nom))),(V12_Nom/V48_Nom)) -> 0.4 | AG37: =IF($O37<((V48_Nom-V12_Nom)*V12_Nom)/((2*Lm*Fsw)*V48_Nom),SQRT((2*$O37*Lm*Fsw*V12_Nom)/(V48_Nom*(V48_Nom-V12_Nom)))*((V48_Nom-V12_Nom)/(V12_Nom)),1-(V12_Nom/V48_Nom)) -> 0.6 | AH37: =IF($O37<((V48_Nom-V12_Nom)*V12_Nom)/((2*Lm*Fsw)*V48_Nom),(AF37/(Fsw*Lm))*(V48_Nom-V12_Nom),((AF37/(Fsw*Lm))*(V48_Nom-V12_Nom))) -> 6.3829787 | AI37: =IF($O37<((V48_Nom-V12_Nom)*V12_Nom)/((2*Lm*Fsw)*V48_Nom),(AF37/(Fsw*Lm))*(V48_Nom-V12_Nom),(AH37/2)+$O37) -> 34.191489 | AJ37: =IF($O37<((V48_Nom-V12_Max)*V12_Max)/((2*Lm*Fsw)*V48_Nom),SQRT((2*$O37*Lm*Fsw*V12_Max)/(V48_Nom*(V48_Nom-V12_Max))),(V12_Max/V48_Nom)) -> 0.52 | AK37: =IF($O37<((V48_Nom-V12_Max)*V12_Max)/((2*Lm*Fsw)*V48_Nom),SQRT((2*$O37*Lm*Fsw*V12_Max)/(V48_Nom*(V48_Nom-V12_Max)))*((V48_Nom-V12_Max)/(V12_Max)),1-(V12_Max/V48_Nom)) -> 0.48 | AL37: =IF($O37<((V48_Nom-V12_Max)*V12_Max)/((2*Lm*Fsw)*V48_Nom),(AJ37/(Fsw*Lm))*(V48_Nom-V12_Max),((AJ37/(Fsw*Lm))*(V48_Nom-V12_Max))) -> 6.6382979 | AM37: =IF($O37<((V48_Nom-V12_Max)*V12_Max)/((2*Lm*Fsw)*V48_Nom),(AJ37/(Fsw*Lm))*(V48_Nom-V12_Max),(AL37/2)+$O37) -> 34.319149
A38: Selected Inductor | B38: =Design_Converter!B37 -> 4.7 | C38: uH | N38: 0.032 | O38: =N38/Rcs -> 32 | P38: =IF($O38<((V48_Min-V12_Nom)*V12_Nom)/((2*Lm*Fsw)*V48_Min),SQRT((2*$O38*Lm*Fsw*V12_Nom)/(V48_Min*(V48_Min-V12_Nom))),(V12_Nom/V48_Min)) -> 0.66666667 | Q38: =IF($O38<((V48_Min-V12_Nom)*V12_Nom)/((2*Lm*Fsw)*V48_Min),SQRT((2*$O38*Lm*Fsw*V12_Nom)/(V48_Min*(V48_Min-V12_Nom)))*((V48_Min-V12_Nom)/(V12_Nom)),1-(V12_Nom/V48_Min)) -> 0.33333333 | R38: =IF($O38<((V48_Min-V12_Nom)*V12_Nom)/((2*Lm*Fsw)*V48_Min),(P38/(Fsw*Lm))*(V48_Min-V12_Nom),((P38/(Fsw*Lm))*(V48_Min-V12_Nom))) -> 3.5460993 | S38: =IF($O38<((V48_Min-V12_Nom)*V12_Nom)/((2*Lm*Fsw)*V48_Min),(P38/(Fsw*Lm))*(V48_Min-V12_Nom),(R38/2)+$O38) -> 33.77305 | T38: =IF($O38<((V48_Nom-V12_Nom)*V12_Nom)/((2*Lm*Fsw)*V48_Nom),SQRT((2*$O38*Lm*Fsw*V12_Nom)/(V48_Nom*(V48_Nom-V12_Nom))),(V12_Nom/V48_Nom)) -> 0.4 | U38: =IF($O38<((V48_Nom-V12_Nom)*V12_Nom)/((2*Lm*Fsw)*V48_Nom),SQRT((2*$O38*Lm*Fsw*V12_Nom)/(V48_Nom*(V48_Nom-V12_Nom)))*((V48_Nom-V12_Nom)/(V12_Nom)),1-(V12_Nom/V48_Nom)) -> 0.6 | V38: =IF($O38<((V48_Nom-V12_Nom)*V12_Nom)/((2*Lm*Fsw)*V48_Nom),(T38/(Fsw*Lm))*(V48_Nom-V12_Nom),((T38/(Fsw*Lm))*(V48_Nom-V12_Nom))) -> 6.3829787 | W38: =IF($O38<((V48_Nom-V12_Nom)*V12_Nom)/((2*Lm*Fsw)*V48_Nom),(T38/(Fsw*Lm))*(V48_Nom-V12_Nom),(V38/2)+$O38) -> 35.191489 | X38: =IF($O38<((V48_Max-V12_Nom)*V12_Nom)/((2*Lm*Fsw)*V48_Max),SQRT((2*$O38*Lm*Fsw*V12_Nom)/(V48_Max*(V48_Max-V12_Nom))),(V12_Nom/V48_Max)) -> 0.23529412 | Y38: =IF($O38<((V48_Max-V12_Nom)*V12_Nom)/((2*Lm*Fsw)*V48_Max),SQRT((2*$O38*Lm*Fsw*V12_Nom)/(V48_Max*(V48_Max-V12_Nom)))*((V48_Max-V12_Nom)/(V12_Nom)),1-(V12_Nom/V48_Max)) -> 0.76470588 | Z38: =IF($O38<((V48_Max-V12_Nom)*V12_Nom)/((2*Lm*Fsw)*V48_Max),(X38/(Fsw*Lm))*(V48_Max-V12_Nom),((X38/(Fsw*Lm))*(V48_Max-V12_Nom))) -> 8.135169 | AA38: =IF($O38<((V48_Max-V12_Nom)*V12_Nom)/((2*Lm*Fsw)*V48_Max),(X38/(Fsw*Lm))*(V48_Max-V12_Nom),(Z38/2)+$O38) -> 36.067584 | AB38: =IF($O38<((V48_Nom-V12_Min)*V12_Min)/((2*Lm*Fsw)*V48_Nom),SQRT((2*$O38*Lm*Fsw*V12_Min)/(V48_Nom*(V48_Nom-V12_Min))),(V12_Min/V48_Nom)) -> 0.37 | AC38: =IF($O38<((V48_Nom-V12_Min)*V12_Min)/((2*Lm*Fsw)*V48_Nom),SQRT((2*$O38*Lm*Fsw*V12_Min)/(V48_Nom*(V48_Nom-V12_Min)))*((V48_Nom-V12_Min)/(V12_Min)),1-(V12_Min/V48_Nom)) -> 0.63 | AD38: =IF($O38<((V48_Nom-V12_Min)*V12_Min)/((2*Lm*Fsw)*V48_Nom),(AB38/(Fsw*Lm))*(V48_Nom-V12_Min),((AB38/(Fsw*Lm))*(V48_Nom-V12_Min))) -> 6.1994681 | AE38: =IF($O38<((V48_Nom-V12_Min)*V12_Min)/((2*Lm*Fsw)*V48_Nom),(AB38/(Fsw*Lm))*(V48_Nom-V12_Min),(AD38/2)+$O38) -> 35.099734 | AF38: =IF($O38<((V48_Nom-V12_Nom)*V12_Nom)/((2*Lm*Fsw)*V48_Nom),SQRT((2*$O38*Lm*Fsw*V12_Nom)/(V48_Nom*(V48_Nom-V12_Nom))),(V12_Nom/V48_Nom)) -> 0.4 | AG38: =IF($O38<((V48_Nom-V12_Nom)*V12_Nom)/((2*Lm*Fsw)*V48_Nom),SQRT((2*$O38*Lm*Fsw*V12_Nom)/(V48_Nom*(V48_Nom-V12_Nom)))*((V48_Nom-V12_Nom)/(V12_Nom)),1-(V12_Nom/V48_Nom)) -> 0.6 | AH38: =IF($O38<((V48_Nom-V12_Nom)*V12_Nom)/((2*Lm*Fsw)*V48_Nom),(AF38/(Fsw*Lm))*(V48_Nom-V12_Nom),((AF38/(Fsw*Lm))*(V48_Nom-V12_Nom))) -> 6.3829787 | AI38: =IF($O38<((V48_Nom-V12_Nom)*V12_Nom)/((2*Lm*Fsw)*V48_Nom),(AF38/(Fsw*Lm))*(V48_Nom-V12_Nom),(AH38/2)+$O38) -> 35.191489 | AJ38: =IF($O38<((V48_Nom-V12_Max)*V12_Max)/((2*Lm*Fsw)*V48_Nom),SQRT((2*$O38*Lm*Fsw*V12_Max)/(V48_Nom*(V48_Nom-V12_Max))),(V12_Max/V48_Nom)) -> 0.52 | AK38: =IF($O38<((V48_Nom-V12_Max)*V12_Max)/((2*Lm*Fsw)*V48_Nom),SQRT((2*$O38*Lm*Fsw*V12_Max)/(V48_Nom*(V48_Nom-V12_Max)))*((V48_Nom-V12_Max)/(V12_Max)),1-(V12_Max/V48_Nom)) -> 0.48 | AL38: =IF($O38<((V48_Nom-V12_Max)*V12_Max)/((2*Lm*Fsw)*V48_Nom),(AJ38/(Fsw*Lm))*(V48_Nom-V12_Max),((AJ38/(Fsw*Lm))*(V48_Nom-V12_Max))) -> 6.6382979 | AM38: =IF($O38<((V48_Nom-V12_Max)*V12_Max)/((2*Lm*Fsw)*V48_Nom),(AJ38/(Fsw*Lm))*(V48_Nom-V12_Max),(AL38/2)+$O38) -> 35.319149
A39: Inductor DCR | B39: =Lm_DCR -> 0.0024 | C39: Ω | N39: 0.033 | O39: =N39/Rcs -> 33 | P39: =IF($O39<((V48_Min-V12_Nom)*V12_Nom)/((2*Lm*Fsw)*V48_Min),SQRT((2*$O39*Lm*Fsw*V12_Nom)/(V48_Min*(V48_Min-V12_Nom))),(V12_Nom/V48_Min)) -> 0.66666667 | Q39: =IF($O39<((V48_Min-V12_Nom)*V12_Nom)/((2*Lm*Fsw)*V48_Min),SQRT((2*$O39*Lm*Fsw*V12_Nom)/(V48_Min*(V48_Min-V12_Nom)))*((V48_Min-V12_Nom)/(V12_Nom)),1-(V12_Nom/V48_Min)) -> 0.33333333 | R39: =IF($O39<((V48_Min-V12_Nom)*V12_Nom)/((2*Lm*Fsw)*V48_Min),(P39/(Fsw*Lm))*(V48_Min-V12_Nom),((P39/(Fsw*Lm))*(V48_Min-V12_Nom))) -> 3.5460993 | S39: =IF($O39<((V48_Min-V12_Nom)*V12_Nom)/((2*Lm*Fsw)*V48_Min),(P39/(Fsw*Lm))*(V48_Min-V12_Nom),(R39/2)+$O39) -> 34.77305 | T39: =IF($O39<((V48_Nom-V12_Nom)*V12_Nom)/((2*Lm*Fsw)*V48_Nom),SQRT((2*$O39*Lm*Fsw*V12_Nom)/(V48_Nom*(V48_Nom-V12_Nom))),(V12_Nom/V48_Nom)) -> 0.4 | U39: =IF($O39<((V48_Nom-V12_Nom)*V12_Nom)/((2*Lm*Fsw)*V48_Nom),SQRT((2*$O39*Lm*Fsw*V12_Nom)/(V48_Nom*(V48_Nom-V12_Nom)))*((V48_Nom-V12_Nom)/(V12_Nom)),1-(V12_Nom/V48_Nom)) -> 0.6 | V39: =IF($O39<((V48_Nom-V12_Nom)*V12_Nom)/((2*Lm*Fsw)*V48_Nom),(T39/(Fsw*Lm))*(V48_Nom-V12_Nom),((T39/(Fsw*Lm))*(V48_Nom-V12_Nom))) -> 6.3829787 | W39: =IF($O39<((V48_Nom-V12_Nom)*V12_Nom)/((2*Lm*Fsw)*V48_Nom),(T39/(Fsw*Lm))*(V48_Nom-V12_Nom),(V39/2)+$O39) -> 36.191489 | X39: =IF($O39<((V48_Max-V12_Nom)*V12_Nom)/((2*Lm*Fsw)*V48_Max),SQRT((2*$O39*Lm*Fsw*V12_Nom)/(V48_Max*(V48_Max-V12_Nom))),(V12_Nom/V48_Max)) -> 0.23529412 | Y39: =IF($O39<((V48_Max-V12_Nom)*V12_Nom)/((2*Lm*Fsw)*V48_Max),SQRT((2*$O39*Lm*Fsw*V12_Nom)/(V48_Max*(V48_Max-V12_Nom)))*((V48_Max-V12_Nom)/(V12_Nom)),1-(V12_Nom/V48_Max)) -> 0.76470588 | Z39: =IF($O39<((V48_Max-V12_Nom)*V12_Nom)/((2*Lm*Fsw)*V48_Max),(X39/(Fsw*Lm))*(V48_Max-V12_Nom),((X39/(Fsw*Lm))*(V48_Max-V12_Nom))) -> 8.135169 | AA39: =IF($O39<((V48_Max-V12_Nom)*V12_Nom)/((2*Lm*Fsw)*V48_Max),(X39/(Fsw*Lm))*(V48_Max-V12_Nom),(Z39/2)+$O39) -> 37.067584 | AB39: =IF($O39<((V48_Nom-V12_Min)*V12_Min)/((2*Lm*Fsw)*V48_Nom),SQRT((2*$O39*Lm*Fsw*V12_Min)/(V48_Nom*(V48_Nom-V12_Min))),(V12_Min/V48_Nom)) -> 0.37 | AC39: =IF($O39<((V48_Nom-V12_Min)*V12_Min)/((2*Lm*Fsw)*V48_Nom),SQRT((2*$O39*Lm*Fsw*V12_Min)/(V48_Nom*(V48_Nom-V12_Min)))*((V48_Nom-V12_Min)/(V12_Min)),1-(V12_Min/V48_Nom)) -> 0.63 | AD39: =IF($O39<((V48_Nom-V12_Min)*V12_Min)/((2*Lm*Fsw)*V48_Nom),(AB39/(Fsw*Lm))*(V48_Nom-V12_Min),((AB39/(Fsw*Lm))*(V48_Nom-V12_Min))) -> 6.1994681 | AE39: =IF($O39<((V48_Nom-V12_Min)*V12_Min)/((2*Lm*Fsw)*V48_Nom),(AB39/(Fsw*Lm))*(V48_Nom-V12_Min),(AD39/2)+$O39) -> 36.099734 | AF39: =IF($O39<((V48_Nom-V12_Nom)*V12_Nom)/((2*Lm*Fsw)*V48_Nom),SQRT((2*$O39*Lm*Fsw*V12_Nom)/(V48_Nom*(V48_Nom-V12_Nom))),(V12_Nom/V48_Nom)) -> 0.4 | AG39: =IF($O39<((V48_Nom-V12_Nom)*V12_Nom)/((2*Lm*Fsw)*V48_Nom),SQRT((2*$O39*Lm*Fsw*V12_Nom)/(V48_Nom*(V48_Nom-V12_Nom)))*((V48_Nom-V12_Nom)/(V12_Nom)),1-(V12_Nom/V48_Nom)) -> 0.6 | AH39: =IF($O39<((V48_Nom-V12_Nom)*V12_Nom)/((2*Lm*Fsw)*V48_Nom),(AF39/(Fsw*Lm))*(V48_Nom-V12_Nom),((AF39/(Fsw*Lm))*(V48_Nom-V12_Nom))) -> 6.3829787 | AI39: =IF($O39<((V48_Nom-V12_Nom)*V12_Nom)/((2*Lm*Fsw)*V48_Nom),(AF39/(Fsw*Lm))*(V48_Nom-V12_Nom),(AH39/2)+$O39) -> 36.191489 | AJ39: =IF($O39<((V48_Nom-V12_Max)*V12_Max)/((2*Lm*Fsw)*V48_Nom),SQRT((2*$O39*Lm*Fsw*V12_Max)/(V48_Nom*(V48_Nom-V12_Max))),(V12_Max/V48_Nom)) -> 0.52 | AK39: =IF($O39<((V48_Nom-V12_Max)*V12_Max)/((2*Lm*Fsw)*V48_Nom),SQRT((2*$O39*Lm*Fsw*V12_Max)/(V48_Nom*(V48_Nom-V12_Max)))*((V48_Nom-V12_Max)/(V12_Max)),1-(V12_Max/V48_Nom)) -> 0.48 | AL39: =IF($O39<((V48_Nom-V12_Max)*V12_Max)/((2*Lm*Fsw)*V48_Nom),(AJ39/(Fsw*Lm))*(V48_Nom-V12_Max),((AJ39/(Fsw*Lm))*(V48_Nom-V12_Max))) -> 6.6382979 | AM39: =IF($O39<((V48_Nom-V12_Max)*V12_Max)/((2*Lm*Fsw)*V48_Nom),(AJ39/(Fsw*Lm))*(V48_Nom-V12_Max),(AL39/2)+$O39) -> 36.319149
A40: DCM Boundaries | E40: Load Values where the Converter will enter DCM | N40: 0.034 | O40: =N40/Rcs -> 34 | P40: =IF($O40<((V48_Min-V12_Nom)*V12_Nom)/((2*Lm*Fsw)*V48_Min),SQRT((2*$O40*Lm*Fsw*V12_Nom)/(V48_Min*(V48_Min-V12_Nom))),(V12_Nom/V48_Min)) -> 0.66666667 | Q40: =IF($O40<((V48_Min-V12_Nom)*V12_Nom)/((2*Lm*Fsw)*V48_Min),SQRT((2*$O40*Lm*Fsw*V12_Nom)/(V48_Min*(V48_Min-V12_Nom)))*((V48_Min-V12_Nom)/(V12_Nom)),1-(V12_Nom/V48_Min)) -> 0.33333333 | R40: =IF($O40<((V48_Min-V12_Nom)*V12_Nom)/((2*Lm*Fsw)*V48_Min),(P40/(Fsw*Lm))*(V48_Min-V12_Nom),((P40/(Fsw*Lm))*(V48_Min-V12_Nom))) -> 3.5460993 | S40: =IF($O40<((V48_Min-V12_Nom)*V12_Nom)/((2*Lm*Fsw)*V48_Min),(P40/(Fsw*Lm))*(V48_Min-V12_Nom),(R40/2)+$O40) -> 35.77305 | T40: =IF($O40<((V48_Nom-V12_Nom)*V12_Nom)/((2*Lm*Fsw)*V48_Nom),SQRT((2*$O40*Lm*Fsw*V12_Nom)/(V48_Nom*(V48_Nom-V12_Nom))),(V12_Nom/V48_Nom)) -> 0.4 | U40: =IF($O40<((V48_Nom-V12_Nom)*V12_Nom)/((2*Lm*Fsw)*V48_Nom),SQRT((2*$O40*Lm*Fsw*V12_Nom)/(V48_Nom*(V48_Nom-V12_Nom)))*((V48_Nom-V12_Nom)/(V12_Nom)),1-(V12_Nom/V48_Nom)) -> 0.6 | V40: =IF($O40<((V48_Nom-V12_Nom)*V12_Nom)/((2*Lm*Fsw)*V48_Nom),(T40/(Fsw*Lm))*(V48_Nom-V12_Nom),((T40/(Fsw*Lm))*(V48_Nom-V12_Nom))) -> 6.3829787 | W40: =IF($O40<((V48_Nom-V12_Nom)*V12_Nom)/((2*Lm*Fsw)*V48_Nom),(T40/(Fsw*Lm))*(V48_Nom-V12_Nom),(V40/2)+$O40) -> 37.191489 | X40: =IF($O40<((V48_Max-V12_Nom)*V12_Nom)/((2*Lm*Fsw)*V48_Max),SQRT((2*$O40*Lm*Fsw*V12_Nom)/(V48_Max*(V48_Max-V12_Nom))),(V12_Nom/V48_Max)) -> 0.23529412 | Y40: =IF($O40<((V48_Max-V12_Nom)*V12_Nom)/((2*Lm*Fsw)*V48_Max),SQRT((2*$O40*Lm*Fsw*V12_Nom)/(V48_Max*(V48_Max-V12_Nom)))*((V48_Max-V12_Nom)/(V12_Nom)),1-(V12_Nom/V48_Max)) -> 0.76470588 | Z40: =IF($O40<((V48_Max-V12_Nom)*V12_Nom)/((2*Lm*Fsw)*V48_Max),(X40/(Fsw*Lm))*(V48_Max-V12_Nom),((X40/(Fsw*Lm))*(V48_Max-V12_Nom))) -> 8.135169 | AA40: =IF($O40<((V48_Max-V12_Nom)*V12_Nom)/((2*Lm*Fsw)*V48_Max),(X40/(Fsw*Lm))*(V48_Max-V12_Nom),(Z40/2)+$O40) -> 38.067584 | AB40: =IF($O40<((V48_Nom-V12_Min)*V12_Min)/((2*Lm*Fsw)*V48_Nom),SQRT((2*$O40*Lm*Fsw*V12_Min)/(V48_Nom*(V48_Nom-V12_Min))),(V12_Min/V48_Nom)) -> 0.37 | AC40: =IF($O40<((V48_Nom-V12_Min)*V12_Min)/((2*Lm*Fsw)*V48_Nom),SQRT((2*$O40*Lm*Fsw*V12_Min)/(V48_Nom*(V48_Nom-V12_Min)))*((V48_Nom-V12_Min)/(V12_Min)),1-(V12_Min/V48_Nom)) -> 0.63 | AD40: =IF($O40<((V48_Nom-V12_Min)*V12_Min)/((2*Lm*Fsw)*V48_Nom),(AB40/(Fsw*Lm))*(V48_Nom-V12_Min),((AB40/(Fsw*Lm))*(V48_Nom-V12_Min))) -> 6.1994681 | AE40: =IF($O40<((V48_Nom-V12_Min)*V12_Min)/((2*Lm*Fsw)*V48_Nom),(AB40/(Fsw*Lm))*(V48_Nom-V12_Min),(AD40/2)+$O40) -> 37.099734 | AF40: =IF($O40<((V48_Nom-V12_Nom)*V12_Nom)/((2*Lm*Fsw)*V48_Nom),SQRT((2*$O40*Lm*Fsw*V12_Nom)/(V48_Nom*(V48_Nom-V12_Nom))),(V12_Nom/V48_Nom)) -> 0.4 | AG40: =IF($O40<((V48_Nom-V12_Nom)*V12_Nom)/((2*Lm*Fsw)*V48_Nom),SQRT((2*$O40*Lm*Fsw*V12_Nom)/(V48_Nom*(V48_Nom-V12_Nom)))*((V48_Nom-V12_Nom)/(V12_Nom)),1-(V12_Nom/V48_Nom)) -> 0.6 | AH40: =IF($O40<((V48_Nom-V12_Nom)*V12_Nom)/((2*Lm*Fsw)*V48_Nom),(AF40/(Fsw*Lm))*(V48_Nom-V12_Nom),((AF40/(Fsw*Lm))*(V48_Nom-V12_Nom))) -> 6.3829787 | AI40: =IF($O40<((V48_Nom-V12_Nom)*V12_Nom)/((2*Lm*Fsw)*V48_Nom),(AF40/(Fsw*Lm))*(V48_Nom-V12_Nom),(AH40/2)+$O40) -> 37.191489 | AJ40: =IF($O40<((V48_Nom-V12_Max)*V12_Max)/((2*Lm*Fsw)*V48_Nom),SQRT((2*$O40*Lm*Fsw*V12_Max)/(V48_Nom*(V48_Nom-V12_Max))),(V12_Max/V48_Nom)) -> 0.52 | AK40: =IF($O40<((V48_Nom-V12_Max)*V12_Max)/((2*Lm*Fsw)*V48_Nom),SQRT((2*$O40*Lm*Fsw*V12_Max)/(V48_Nom*(V48_Nom-V12_Max)))*((V48_Nom-V12_Max)/(V12_Max)),1-(V12_Max/V48_Nom)) -> 0.48 | AL40: =IF($O40<((V48_Nom-V12_Max)*V12_Max)/((2*Lm*Fsw)*V48_Nom),(AJ40/(Fsw*Lm))*(V48_Nom-V12_Max),((AJ40/(Fsw*Lm))*(V48_Nom-V12_Max))) -> 6.6382979 | AM40: =IF($O40<((V48_Nom-V12_Max)*V12_Max)/((2*Lm*Fsw)*V48_Nom),(AJ40/(Fsw*Lm))*(V48_Nom-V12_Max),(AL40/2)+$O40) -> 37.319149
A41: V48_Min to V12_Nom (Current Sense Voltage) | B41: =((V48_Min-V12_Nom)/(2*Lm*Fsw))*((V12_Nom*Rcs)/V48_Min)*1000 -> 1.7730496 | C41: mV | N41: 0.035 | O41: =N41/Rcs -> 35 | P41: =IF($O41<((V48_Min-V12_Nom)*V12_Nom)/((2*Lm*Fsw)*V48_Min),SQRT((2*$O41*Lm*Fsw*V12_Nom)/(V48_Min*(V48_Min-V12_Nom))),(V12_Nom/V48_Min)) -> 0.66666667 | Q41: =IF($O41<((V48_Min-V12_Nom)*V12_Nom)/((2*Lm*Fsw)*V48_Min),SQRT((2*$O41*Lm*Fsw*V12_Nom)/(V48_Min*(V48_Min-V12_Nom)))*((V48_Min-V12_Nom)/(V12_Nom)),1-(V12_Nom/V48_Min)) -> 0.33333333 | R41: =IF($O41<((V48_Min-V12_Nom)*V12_Nom)/((2*Lm*Fsw)*V48_Min),(P41/(Fsw*Lm))*(V48_Min-V12_Nom),((P41/(Fsw*Lm))*(V48_Min-V12_Nom))) -> 3.5460993 | S41: =IF($O41<((V48_Min-V12_Nom)*V12_Nom)/((2*Lm*Fsw)*V48_Min),(P41/(Fsw*Lm))*(V48_Min-V12_Nom),(R41/2)+$O41) -> 36.77305 | T41: =IF($O41<((V48_Nom-V12_Nom)*V12_Nom)/((2*Lm*Fsw)*V48_Nom),SQRT((2*$O41*Lm*Fsw*V12_Nom)/(V48_Nom*(V48_Nom-V12_Nom))),(V12_Nom/V48_Nom)) -> 0.4 | U41: =IF($O41<((V48_Nom-V12_Nom)*V12_Nom)/((2*Lm*Fsw)*V48_Nom),SQRT((2*$O41*Lm*Fsw*V12_Nom)/(V48_Nom*(V48_Nom-V12_Nom)))*((V48_Nom-V12_Nom)/(V12_Nom)),1-(V12_Nom/V48_Nom)) -> 0.6 | V41: =IF($O41<((V48_Nom-V12_Nom)*V12_Nom)/((2*Lm*Fsw)*V48_Nom),(T41/(Fsw*Lm))*(V48_Nom-V12_Nom),((T41/(Fsw*Lm))*(V48_Nom-V12_Nom))) -> 6.3829787 | W41: =IF($O41<((V48_Nom-V12_Nom)*V12_Nom)/((2*Lm*Fsw)*V48_Nom),(T41/(Fsw*Lm))*(V48_Nom-V12_Nom),(V41/2)+$O41) -> 38.191489 | X41: =IF($O41<((V48_Max-V12_Nom)*V12_Nom)/((2*Lm*Fsw)*V48_Max),SQRT((2*$O41*Lm*Fsw*V12_Nom)/(V48_Max*(V48_Max-V12_Nom))),(V12_Nom/V48_Max)) -> 0.23529412 | Y41: =IF($O41<((V48_Max-V12_Nom)*V12_Nom)/((2*Lm*Fsw)*V48_Max),SQRT((2*$O41*Lm*Fsw*V12_Nom)/(V48_Max*(V48_Max-V12_Nom)))*((V48_Max-V12_Nom)/(V12_Nom)),1-(V12_Nom/V48_Max)) -> 0.76470588 | Z41: =IF($O41<((V48_Max-V12_Nom)*V12_Nom)/((2*Lm*Fsw)*V48_Max),(X41/(Fsw*Lm))*(V48_Max-V12_Nom),((X41/(Fsw*Lm))*(V48_Max-V12_Nom))) -> 8.135169 | AA41: =IF($O41<((V48_Max-V12_Nom)*V12_Nom)/((2*Lm*Fsw)*V48_Max),(X41/(Fsw*Lm))*(V48_Max-V12_Nom),(Z41/2)+$O41) -> 39.067584 | AB41: =IF($O41<((V48_Nom-V12_Min)*V12_Min)/((2*Lm*Fsw)*V48_Nom),SQRT((2*$O41*Lm*Fsw*V12_Min)/(V48_Nom*(V48_Nom-V12_Min))),(V12_Min/V48_Nom)) -> 0.37 | AC41: =IF($O41<((V48_Nom-V12_Min)*V12_Min)/((2*Lm*Fsw)*V48_Nom),SQRT((2*$O41*Lm*Fsw*V12_Min)/(V48_Nom*(V48_Nom-V12_Min)))*((V48_Nom-V12_Min)/(V12_Min)),1-(V12_Min/V48_Nom)) -> 0.63 | AD41: =IF($O41<((V48_Nom-V12_Min)*V12_Min)/((2*Lm*Fsw)*V48_Nom),(AB41/(Fsw*Lm))*(V48_Nom-V12_Min),((AB41/(Fsw*Lm))*(V48_Nom-V12_Min))) -> 6.1994681 | AE41: =IF($O41<((V48_Nom-V12_Min)*V12_Min)/((2*Lm*Fsw)*V48_Nom),(AB41/(Fsw*Lm))*(V48_Nom-V12_Min),(AD41/2)+$O41) -> 38.099734 | AF41: =IF($O41<((V48_Nom-V12_Nom)*V12_Nom)/((2*Lm*Fsw)*V48_Nom),SQRT((2*$O41*Lm*Fsw*V12_Nom)/(V48_Nom*(V48_Nom-V12_Nom))),(V12_Nom/V48_Nom)) -> 0.4 | AG41: =IF($O41<((V48_Nom-V12_Nom)*V12_Nom)/((2*Lm*Fsw)*V48_Nom),SQRT((2*$O41*Lm*Fsw*V12_Nom)/(V48_Nom*(V48_Nom-V12_Nom)))*((V48_Nom-V12_Nom)/(V12_Nom)),1-(V12_Nom/V48_Nom)) -> 0.6 | AH41: =IF($O41<((V48_Nom-V12_Nom)*V12_Nom)/((2*Lm*Fsw)*V48_Nom),(AF41/(Fsw*Lm))*(V48_Nom-V12_Nom),((AF41/(Fsw*Lm))*(V48_Nom-V12_Nom))) -> 6.3829787 | AI41: =IF($O41<((V48_Nom-V12_Nom)*V12_Nom)/((2*Lm*Fsw)*V48_Nom),(AF41/(Fsw*Lm))*(V48_Nom-V12_Nom),(AH41/2)+$O41) -> 38.191489 | AJ41: =IF($O41<((V48_Nom-V12_Max)*V12_Max)/((2*Lm*Fsw)*V48_Nom),SQRT((2*$O41*Lm*Fsw*V12_Max)/(V48_Nom*(V48_Nom-V12_Max))),(V12_Max/V48_Nom)) -> 0.52 | AK41: =IF($O41<((V48_Nom-V12_Max)*V12_Max)/((2*Lm*Fsw)*V48_Nom),SQRT((2*$O41*Lm*Fsw*V12_Max)/(V48_Nom*(V48_Nom-V12_Max)))*((V48_Nom-V12_Max)/(V12_Max)),1-(V12_Max/V48_Nom)) -> 0.48 | AL41: =IF($O41<((V48_Nom-V12_Max)*V12_Max)/((2*Lm*Fsw)*V48_Nom),(AJ41/(Fsw*Lm))*(V48_Nom-V12_Max),((AJ41/(Fsw*Lm))*(V48_Nom-V12_Max))) -> 6.6382979 | AM41: =IF($O41<((V48_Nom-V12_Max)*V12_Max)/((2*Lm*Fsw)*V48_Nom),(AJ41/(Fsw*Lm))*(V48_Nom-V12_Max),(AL41/2)+$O41) -> 38.319149
A42: V48_Min to V12_Nom (Inductor AVG Current) | B42: =(B41/1000)/Rcs -> 1.7730496 | C42: A | N42: 0.036 | O42: =N42/Rcs -> 36 | P42: =IF($O42<((V48_Min-V12_Nom)*V12_Nom)/((2*Lm*Fsw)*V48_Min),SQRT((2*$O42*Lm*Fsw*V12_Nom)/(V48_Min*(V48_Min-V12_Nom))),(V12_Nom/V48_Min)) -> 0.66666667 | Q42: =IF($O42<((V48_Min-V12_Nom)*V12_Nom)/((2*Lm*Fsw)*V48_Min),SQRT((2*$O42*Lm*Fsw*V12_Nom)/(V48_Min*(V48_Min-V12_Nom)))*((V48_Min-V12_Nom)/(V12_Nom)),1-(V12_Nom/V48_Min)) -> 0.33333333 | R42: =IF($O42<((V48_Min-V12_Nom)*V12_Nom)/((2*Lm*Fsw)*V48_Min),(P42/(Fsw*Lm))*(V48_Min-V12_Nom),((P42/(Fsw*Lm))*(V48_Min-V12_Nom))) -> 3.5460993 | S42: =IF($O42<((V48_Min-V12_Nom)*V12_Nom)/((2*Lm*Fsw)*V48_Min),(P42/(Fsw*Lm))*(V48_Min-V12_Nom),(R42/2)+$O42) -> 37.77305 | T42: =IF($O42<((V48_Nom-V12_Nom)*V12_Nom)/((2*Lm*Fsw)*V48_Nom),SQRT((2*$O42*Lm*Fsw*V12_Nom)/(V48_Nom*(V48_Nom-V12_Nom))),(V12_Nom/V48_Nom)) -> 0.4 | U42: =IF($O42<((V48_Nom-V12_Nom)*V12_Nom)/((2*Lm*Fsw)*V48_Nom),SQRT((2*$O42*Lm*Fsw*V12_Nom)/(V48_Nom*(V48_Nom-V12_Nom)))*((V48_Nom-V12_Nom)/(V12_Nom)),1-(V12_Nom/V48_Nom)) -> 0.6 | V42: =IF($O42<((V48_Nom-V12_Nom)*V12_Nom)/((2*Lm*Fsw)*V48_Nom),(T42/(Fsw*Lm))*(V48_Nom-V12_Nom),((T42/(Fsw*Lm))*(V48_Nom-V12_Nom))) -> 6.3829787 | W42: =IF($O42<((V48_Nom-V12_Nom)*V12_Nom)/((2*Lm*Fsw)*V48_Nom),(T42/(Fsw*Lm))*(V48_Nom-V12_Nom),(V42/2)+$O42) -> 39.191489 | X42: =IF($O42<((V48_Max-V12_Nom)*V12_Nom)/((2*Lm*Fsw)*V48_Max),SQRT((2*$O42*Lm*Fsw*V12_Nom)/(V48_Max*(V48_Max-V12_Nom))),(V12_Nom/V48_Max)) -> 0.23529412 | Y42: =IF($O42<((V48_Max-V12_Nom)*V12_Nom)/((2*Lm*Fsw)*V48_Max),SQRT((2*$O42*Lm*Fsw*V12_Nom)/(V48_Max*(V48_Max-V12_Nom)))*((V48_Max-V12_Nom)/(V12_Nom)),1-(V12_Nom/V48_Max)) -> 0.76470588 | Z42: =IF($O42<((V48_Max-V12_Nom)*V12_Nom)/((2*Lm*Fsw)*V48_Max),(X42/(Fsw*Lm))*(V48_Max-V12_Nom),((X42/(Fsw*Lm))*(V48_Max-V12_Nom))) -> 8.135169 | AA42: =IF($O42<((V48_Max-V12_Nom)*V12_Nom)/((2*Lm*Fsw)*V48_Max),(X42/(Fsw*Lm))*(V48_Max-V12_Nom),(Z42/2)+$O42) -> 40.067584 | AB42: =IF($O42<((V48_Nom-V12_Min)*V12_Min)/((2*Lm*Fsw)*V48_Nom),SQRT((2*$O42*Lm*Fsw*V12_Min)/(V48_Nom*(V48_Nom-V12_Min))),(V12_Min/V48_Nom)) -> 0.37 | AC42: =IF($O42<((V48_Nom-V12_Min)*V12_Min)/((2*Lm*Fsw)*V48_Nom),SQRT((2*$O42*Lm*Fsw*V12_Min)/(V48_Nom*(V48_Nom-V12_Min)))*((V48_Nom-V12_Min)/(V12_Min)),1-(V12_Min/V48_Nom)) -> 0.63 | AD42: =IF($O42<((V48_Nom-V12_Min)*V12_Min)/((2*Lm*Fsw)*V48_Nom),(AB42/(Fsw*Lm))*(V48_Nom-V12_Min),((AB42/(Fsw*Lm))*(V48_Nom-V12_Min))) -> 6.1994681 | AE42: =IF($O42<((V48_Nom-V12_Min)*V12_Min)/((2*Lm*Fsw)*V48_Nom),(AB42/(Fsw*Lm))*(V48_Nom-V12_Min),(AD42/2)+$O42) -> 39.099734 | AF42: =IF($O42<((V48_Nom-V12_Nom)*V12_Nom)/((2*Lm*Fsw)*V48_Nom),SQRT((2*$O42*Lm*Fsw*V12_Nom)/(V48_Nom*(V48_Nom-V12_Nom))),(V12_Nom/V48_Nom)) -> 0.4 | AG42: =IF($O42<((V48_Nom-V12_Nom)*V12_Nom)/((2*Lm*Fsw)*V48_Nom),SQRT((2*$O42*Lm*Fsw*V12_Nom)/(V48_Nom*(V48_Nom-V12_Nom)))*((V48_Nom-V12_Nom)/(V12_Nom)),1-(V12_Nom/V48_Nom)) -> 0.6 | AH42: =IF($O42<((V48_Nom-V12_Nom)*V12_Nom)/((2*Lm*Fsw)*V48_Nom),(AF42/(Fsw*Lm))*(V48_Nom-V12_Nom),((AF42/(Fsw*Lm))*(V48_Nom-V12_Nom))) -> 6.3829787 | AI42: =IF($O42<((V48_Nom-V12_Nom)*V12_Nom)/((2*Lm*Fsw)*V48_Nom),(AF42/(Fsw*Lm))*(V48_Nom-V12_Nom),(AH42/2)+$O42) -> 39.191489 | AJ42: =IF($O42<((V48_Nom-V12_Max)*V12_Max)/((2*Lm*Fsw)*V48_Nom),SQRT((2*$O42*Lm*Fsw*V12_Max)/(V48_Nom*(V48_Nom-V12_Max))),(V12_Max/V48_Nom)) -> 0.52 | AK42: =IF($O42<((V48_Nom-V12_Max)*V12_Max)/((2*Lm*Fsw)*V48_Nom),SQRT((2*$O42*Lm*Fsw*V12_Max)/(V48_Nom*(V48_Nom-V12_Max)))*((V48_Nom-V12_Max)/(V12_Max)),1-(V12_Max/V48_Nom)) -> 0.48 | AL42: =IF($O42<((V48_Nom-V12_Max)*V12_Max)/((2*Lm*Fsw)*V48_Nom),(AJ42/(Fsw*Lm))*(V48_Nom-V12_Max),((AJ42/(Fsw*Lm))*(V48_Nom-V12_Max))) -> 6.6382979 | AM42: =IF($O42<((V48_Nom-V12_Max)*V12_Max)/((2*Lm*Fsw)*V48_Nom),(AJ42/(Fsw*Lm))*(V48_Nom-V12_Max),(AL42/2)+$O42) -> 39.319149
A43: Duty Cycle | B43: =(V12_Nom/V48_Min) -> 0.66666667 | N43: 0.037 | O43: =N43/Rcs -> 37 | P43: =IF($O43<((V48_Min-V12_Nom)*V12_Nom)/((2*Lm*Fsw)*V48_Min),SQRT((2*$O43*Lm*Fsw*V12_Nom)/(V48_Min*(V48_Min-V12_Nom))),(V12_Nom/V48_Min)) -> 0.66666667 | Q43: =IF($O43<((V48_Min-V12_Nom)*V12_Nom)/((2*Lm*Fsw)*V48_Min),SQRT((2*$O43*Lm*Fsw*V12_Nom)/(V48_Min*(V48_Min-V12_Nom)))*((V48_Min-V12_Nom)/(V12_Nom)),1-(V12_Nom/V48_Min)) -> 0.33333333 | R43: =IF($O43<((V48_Min-V12_Nom)*V12_Nom)/((2*Lm*Fsw)*V48_Min),(P43/(Fsw*Lm))*(V48_Min-V12_Nom),((P43/(Fsw*Lm))*(V48_Min-V12_Nom))) -> 3.5460993 | S43: =IF($O43<((V48_Min-V12_Nom)*V12_Nom)/((2*Lm*Fsw)*V48_Min),(P43/(Fsw*Lm))*(V48_Min-V12_Nom),(R43/2)+$O43) -> 38.77305 | T43: =IF($O43<((V48_Nom-V12_Nom)*V12_Nom)/((2*Lm*Fsw)*V48_Nom),SQRT((2*$O43*Lm*Fsw*V12_Nom)/(V48_Nom*(V48_Nom-V12_Nom))),(V12_Nom/V48_Nom)) -> 0.4 | U43: =IF($O43<((V48_Nom-V12_Nom)*V12_Nom)/((2*Lm*Fsw)*V48_Nom),SQRT((2*$O43*Lm*Fsw*V12_Nom)/(V48_Nom*(V48_Nom-V12_Nom)))*((V48_Nom-V12_Nom)/(V12_Nom)),1-(V12_Nom/V48_Nom)) -> 0.6 | V43: =IF($O43<((V48_Nom-V12_Nom)*V12_Nom)/((2*Lm*Fsw)*V48_Nom),(T43/(Fsw*Lm))*(V48_Nom-V12_Nom),((T43/(Fsw*Lm))*(V48_Nom-V12_Nom))) -> 6.3829787 | W43: =IF($O43<((V48_Nom-V12_Nom)*V12_Nom)/((2*Lm*Fsw)*V48_Nom),(T43/(Fsw*Lm))*(V48_Nom-V12_Nom),(V43/2)+$O43) -> 40.191489 | X43: =IF($O43<((V48_Max-V12_Nom)*V12_Nom)/((2*Lm*Fsw)*V48_Max),SQRT((2*$O43*Lm*Fsw*V12_Nom)/(V48_Max*(V48_Max-V12_Nom))),(V12_Nom/V48_Max)) -> 0.23529412 | Y43: =IF($O43<((V48_Max-V12_Nom)*V12_Nom)/((2*Lm*Fsw)*V48_Max),SQRT((2*$O43*Lm*Fsw*V12_Nom)/(V48_Max*(V48_Max-V12_Nom)))*((V48_Max-V12_Nom)/(V12_Nom)),1-(V12_Nom/V48_Max)) -> 0.76470588 | Z43: =IF($O43<((V48_Max-V12_Nom)*V12_Nom)/((2*Lm*Fsw)*V48_Max),(X43/(Fsw*Lm))*(V48_Max-V12_Nom),((X43/(Fsw*Lm))*(V48_Max-V12_Nom))) -> 8.135169 | AA43: =IF($O43<((V48_Max-V12_Nom)*V12_Nom)/((2*Lm*Fsw)*V48_Max),(X43/(Fsw*Lm))*(V48_Max-V12_Nom),(Z43/2)+$O43) -> 41.067584 | AB43: =IF($O43<((V48_Nom-V12_Min)*V12_Min)/((2*Lm*Fsw)*V48_Nom),SQRT((2*$O43*Lm*Fsw*V12_Min)/(V48_Nom*(V48_Nom-V12_Min))),(V12_Min/V48_Nom)) -> 0.37 | AC43: =IF($O43<((V48_Nom-V12_Min)*V12_Min)/((2*Lm*Fsw)*V48_Nom),SQRT((2*$O43*Lm*Fsw*V12_Min)/(V48_Nom*(V48_Nom-V12_Min)))*((V48_Nom-V12_Min)/(V12_Min)),1-(V12_Min/V48_Nom)) -> 0.63 | AD43: =IF($O43<((V48_Nom-V12_Min)*V12_Min)/((2*Lm*Fsw)*V48_Nom),(AB43/(Fsw*Lm))*(V48_Nom-V12_Min),((AB43/(Fsw*Lm))*(V48_Nom-V12_Min))) -> 6.1994681 | AE43: =IF($O43<((V48_Nom-V12_Min)*V12_Min)/((2*Lm*Fsw)*V48_Nom),(AB43/(Fsw*Lm))*(V48_Nom-V12_Min),(AD43/2)+$O43) -> 40.099734 | AF43: =IF($O43<((V48_Nom-V12_Nom)*V12_Nom)/((2*Lm*Fsw)*V48_Nom),SQRT((2*$O43*Lm*Fsw*V12_Nom)/(V48_Nom*(V48_Nom-V12_Nom))),(V12_Nom/V48_Nom)) -> 0.4 | AG43: =IF($O43<((V48_Nom-V12_Nom)*V12_Nom)/((2*Lm*Fsw)*V48_Nom),SQRT((2*$O43*Lm*Fsw*V12_Nom)/(V48_Nom*(V48_Nom-V12_Nom)))*((V48_Nom-V12_Nom)/(V12_Nom)),1-(V12_Nom/V48_Nom)) -> 0.6 | AH43: =IF($O43<((V48_Nom-V12_Nom)*V12_Nom)/((2*Lm*Fsw)*V48_Nom),(AF43/(Fsw*Lm))*(V48_Nom-V12_Nom),((AF43/(Fsw*Lm))*(V48_Nom-V12_Nom))) -> 6.3829787 | AI43: =IF($O43<((V48_Nom-V12_Nom)*V12_Nom)/((2*Lm*Fsw)*V48_Nom),(AF43/(Fsw*Lm))*(V48_Nom-V12_Nom),(AH43/2)+$O43) -> 40.191489 | AJ43: =IF($O43<((V48_Nom-V12_Max)*V12_Max)/((2*Lm*Fsw)*V48_Nom),SQRT((2*$O43*Lm*Fsw*V12_Max)/(V48_Nom*(V48_Nom-V12_Max))),(V12_Max/V48_Nom)) -> 0.52 | AK43: =IF($O43<((V48_Nom-V12_Max)*V12_Max)/((2*Lm*Fsw)*V48_Nom),SQRT((2*$O43*Lm*Fsw*V12_Max)/(V48_Nom*(V48_Nom-V12_Max)))*((V48_Nom-V12_Max)/(V12_Max)),1-(V12_Max/V48_Nom)) -> 0.48 | AL43: =IF($O43<((V48_Nom-V12_Max)*V12_Max)/((2*Lm*Fsw)*V48_Nom),(AJ43/(Fsw*Lm))*(V48_Nom-V12_Max),((AJ43/(Fsw*Lm))*(V48_Nom-V12_Max))) -> 6.6382979 | AM43: =IF($O43<((V48_Nom-V12_Max)*V12_Max)/((2*Lm*Fsw)*V48_Nom),(AJ43/(Fsw*Lm))*(V48_Nom-V12_Max),(AL43/2)+$O43) -> 40.319149
A44: V48_Nom to V12_Nom (Current Sense Voltage) | B44: =((V48_Nom-V12_Nom)/(2*Lm*Fsw))*((V12_Nom*Rcs)/V48_Nom)*1000 -> 3.1914894 | C44: mV | N44: 0.038 | O44: =N44/Rcs -> 38 | P44: =IF($O44<((V48_Min-V12_Nom)*V12_Nom)/((2*Lm*Fsw)*V48_Min),SQRT((2*$O44*Lm*Fsw*V12_Nom)/(V48_Min*(V48_Min-V12_Nom))),(V12_Nom/V48_Min)) -> 0.66666667 | Q44: =IF($O44<((V48_Min-V12_Nom)*V12_Nom)/((2*Lm*Fsw)*V48_Min),SQRT((2*$O44*Lm*Fsw*V12_Nom)/(V48_Min*(V48_Min-V12_Nom)))*((V48_Min-V12_Nom)/(V12_Nom)),1-(V12_Nom/V48_Min)) -> 0.33333333 | R44: =IF($O44<((V48_Min-V12_Nom)*V12_Nom)/((2*Lm*Fsw)*V48_Min),(P44/(Fsw*Lm))*(V48_Min-V12_Nom),((P44/(Fsw*Lm))*(V48_Min-V12_Nom))) -> 3.5460993 | S44: =IF($O44<((V48_Min-V12_Nom)*V12_Nom)/((2*Lm*Fsw)*V48_Min),(P44/(Fsw*Lm))*(V48_Min-V12_Nom),(R44/2)+$O44) -> 39.77305 | T44: =IF($O44<((V48_Nom-V12_Nom)*V12_Nom)/((2*Lm*Fsw)*V48_Nom),SQRT((2*$O44*Lm*Fsw*V12_Nom)/(V48_Nom*(V48_Nom-V12_Nom))),(V12_Nom/V48_Nom)) -> 0.4 | U44: =IF($O44<((V48_Nom-V12_Nom)*V12_Nom)/((2*Lm*Fsw)*V48_Nom),SQRT((2*$O44*Lm*Fsw*V12_Nom)/(V48_Nom*(V48_Nom-V12_Nom)))*((V48_Nom-V12_Nom)/(V12_Nom)),1-(V12_Nom/V48_Nom)) -> 0.6 | V44: =IF($O44<((V48_Nom-V12_Nom)*V12_Nom)/((2*Lm*Fsw)*V48_Nom),(T44/(Fsw*Lm))*(V48_Nom-V12_Nom),((T44/(Fsw*Lm))*(V48_Nom-V12_Nom))) -> 6.3829787 | W44: =IF($O44<((V48_Nom-V12_Nom)*V12_Nom)/((2*Lm*Fsw)*V48_Nom),(T44/(Fsw*Lm))*(V48_Nom-V12_Nom),(V44/2)+$O44) -> 41.191489 | X44: =IF($O44<((V48_Max-V12_Nom)*V12_Nom)/((2*Lm*Fsw)*V48_Max),SQRT((2*$O44*Lm*Fsw*V12_Nom)/(V48_Max*(V48_Max-V12_Nom))),(V12_Nom/V48_Max)) -> 0.23529412 | Y44: =IF($O44<((V48_Max-V12_Nom)*V12_Nom)/((2*Lm*Fsw)*V48_Max),SQRT((2*$O44*Lm*Fsw*V12_Nom)/(V48_Max*(V48_Max-V12_Nom)))*((V48_Max-V12_Nom)/(V12_Nom)),1-(V12_Nom/V48_Max)) -> 0.76470588 | Z44: =IF($O44<((V48_Max-V12_Nom)*V12_Nom)/((2*Lm*Fsw)*V48_Max),(X44/(Fsw*Lm))*(V48_Max-V12_Nom),((X44/(Fsw*Lm))*(V48_Max-V12_Nom))) -> 8.135169 | AA44: =IF($O44<((V48_Max-V12_Nom)*V12_Nom)/((2*Lm*Fsw)*V48_Max),(X44/(Fsw*Lm))*(V48_Max-V12_Nom),(Z44/2)+$O44) -> 42.067584 | AB44: =IF($O44<((V48_Nom-V12_Min)*V12_Min)/((2*Lm*Fsw)*V48_Nom),SQRT((2*$O44*Lm*Fsw*V12_Min)/(V48_Nom*(V48_Nom-V12_Min))),(V12_Min/V48_Nom)) -> 0.37 | AC44: =IF($O44<((V48_Nom-V12_Min)*V12_Min)/((2*Lm*Fsw)*V48_Nom),SQRT((2*$O44*Lm*Fsw*V12_Min)/(V48_Nom*(V48_Nom-V12_Min)))*((V48_Nom-V12_Min)/(V12_Min)),1-(V12_Min/V48_Nom)) -> 0.63 | AD44: =IF($O44<((V48_Nom-V12_Min)*V12_Min)/((2*Lm*Fsw)*V48_Nom),(AB44/(Fsw*Lm))*(V48_Nom-V12_Min),((AB44/(Fsw*Lm))*(V48_Nom-V12_Min))) -> 6.1994681 | AE44: =IF($O44<((V48_Nom-V12_Min)*V12_Min)/((2*Lm*Fsw)*V48_Nom),(AB44/(Fsw*Lm))*(V48_Nom-V12_Min),(AD44/2)+$O44) -> 41.099734 | AF44: =IF($O44<((V48_Nom-V12_Nom)*V12_Nom)/((2*Lm*Fsw)*V48_Nom),SQRT((2*$O44*Lm*Fsw*V12_Nom)/(V48_Nom*(V48_Nom-V12_Nom))),(V12_Nom/V48_Nom)) -> 0.4 | AG44: =IF($O44<((V48_Nom-V12_Nom)*V12_Nom)/((2*Lm*Fsw)*V48_Nom),SQRT((2*$O44*Lm*Fsw*V12_Nom)/(V48_Nom*(V48_Nom-V12_Nom)))*((V48_Nom-V12_Nom)/(V12_Nom)),1-(V12_Nom/V48_Nom)) -> 0.6 | AH44: =IF($O44<((V48_Nom-V12_Nom)*V12_Nom)/((2*Lm*Fsw)*V48_Nom),(AF44/(Fsw*Lm))*(V48_Nom-V12_Nom),((AF44/(Fsw*Lm))*(V48_Nom-V12_Nom))) -> 6.3829787 | AI44: =IF($O44<((V48_Nom-V12_Nom)*V12_Nom)/((2*Lm*Fsw)*V48_Nom),(AF44/(Fsw*Lm))*(V48_Nom-V12_Nom),(AH44/2)+$O44) -> 41.191489 | AJ44: =IF($O44<((V48_Nom-V12_Max)*V12_Max)/((2*Lm*Fsw)*V48_Nom),SQRT((2*$O44*Lm*Fsw*V12_Max)/(V48_Nom*(V48_Nom-V12_Max))),(V12_Max/V48_Nom)) -> 0.52 | AK44: =IF($O44<((V48_Nom-V12_Max)*V12_Max)/((2*Lm*Fsw)*V48_Nom),SQRT((2*$O44*Lm*Fsw*V12_Max)/(V48_Nom*(V48_Nom-V12_Max)))*((V48_Nom-V12_Max)/(V12_Max)),1-(V12_Max/V48_Nom)) -> 0.48 | AL44: =IF($O44<((V48_Nom-V12_Max)*V12_Max)/((2*Lm*Fsw)*V48_Nom),(AJ44/(Fsw*Lm))*(V48_Nom-V12_Max),((AJ44/(Fsw*Lm))*(V48_Nom-V12_Max))) -> 6.6382979 | AM44: =IF($O44<((V48_Nom-V12_Max)*V12_Max)/((2*Lm*Fsw)*V48_Nom),(AJ44/(Fsw*Lm))*(V48_Nom-V12_Max),(AL44/2)+$O44) -> 41.319149
A45: V48_Nom to V12_Nom (Inductor AVG Current) | B45: =(B44/1000)/Rcs -> 3.1914894 | C45: A | N45: 0.039 | O45: =N45/Rcs -> 39 | P45: =IF($O45<((V48_Min-V12_Nom)*V12_Nom)/((2*Lm*Fsw)*V48_Min),SQRT((2*$O45*Lm*Fsw*V12_Nom)/(V48_Min*(V48_Min-V12_Nom))),(V12_Nom/V48_Min)) -> 0.66666667 | Q45: =IF($O45<((V48_Min-V12_Nom)*V12_Nom)/((2*Lm*Fsw)*V48_Min),SQRT((2*$O45*Lm*Fsw*V12_Nom)/(V48_Min*(V48_Min-V12_Nom)))*((V48_Min-V12_Nom)/(V12_Nom)),1-(V12_Nom/V48_Min)) -> 0.33333333 | R45: =IF($O45<((V48_Min-V12_Nom)*V12_Nom)/((2*Lm*Fsw)*V48_Min),(P45/(Fsw*Lm))*(V48_Min-V12_Nom),((P45/(Fsw*Lm))*(V48_Min-V12_Nom))) -> 3.5460993 | S45: =IF($O45<((V48_Min-V12_Nom)*V12_Nom)/((2*Lm*Fsw)*V48_Min),(P45/(Fsw*Lm))*(V48_Min-V12_Nom),(R45/2)+$O45) -> 40.77305 | T45: =IF($O45<((V48_Nom-V12_Nom)*V12_Nom)/((2*Lm*Fsw)*V48_Nom),SQRT((2*$O45*Lm*Fsw*V12_Nom)/(V48_Nom*(V48_Nom-V12_Nom))),(V12_Nom/V48_Nom)) -> 0.4 | U45: =IF($O45<((V48_Nom-V12_Nom)*V12_Nom)/((2*Lm*Fsw)*V48_Nom),SQRT((2*$O45*Lm*Fsw*V12_Nom)/(V48_Nom*(V48_Nom-V12_Nom)))*((V48_Nom-V12_Nom)/(V12_Nom)),1-(V12_Nom/V48_Nom)) -> 0.6 | V45: =IF($O45<((V48_Nom-V12_Nom)*V12_Nom)/((2*Lm*Fsw)*V48_Nom),(T45/(Fsw*Lm))*(V48_Nom-V12_Nom),((T45/(Fsw*Lm))*(V48_Nom-V12_Nom))) -> 6.3829787 | W45: =IF($O45<((V48_Nom-V12_Nom)*V12_Nom)/((2*Lm*Fsw)*V48_Nom),(T45/(Fsw*Lm))*(V48_Nom-V12_Nom),(V45/2)+$O45) -> 42.191489 | X45: =IF($O45<((V48_Max-V12_Nom)*V12_Nom)/((2*Lm*Fsw)*V48_Max),SQRT((2*$O45*Lm*Fsw*V12_Nom)/(V48_Max*(V48_Max-V12_Nom))),(V12_Nom/V48_Max)) -> 0.23529412 | Y45: =IF($O45<((V48_Max-V12_Nom)*V12_Nom)/((2*Lm*Fsw)*V48_Max),SQRT((2*$O45*Lm*Fsw*V12_Nom)/(V48_Max*(V48_Max-V12_Nom)))*((V48_Max-V12_Nom)/(V12_Nom)),1-(V12_Nom/V48_Max)) -> 0.76470588 | Z45: =IF($O45<((V48_Max-V12_Nom)*V12_Nom)/((2*Lm*Fsw)*V48_Max),(X45/(Fsw*Lm))*(V48_Max-V12_Nom),((X45/(Fsw*Lm))*(V48_Max-V12_Nom))) -> 8.135169 | AA45: =IF($O45<((V48_Max-V12_Nom)*V12_Nom)/((2*Lm*Fsw)*V48_Max),(X45/(Fsw*Lm))*(V48_Max-V12_Nom),(Z45/2)+$O45) -> 43.067584 | AB45: =IF($O45<((V48_Nom-V12_Min)*V12_Min)/((2*Lm*Fsw)*V48_Nom),SQRT((2*$O45*Lm*Fsw*V12_Min)/(V48_Nom*(V48_Nom-V12_Min))),(V12_Min/V48_Nom)) -> 0.37 | AC45: =IF($O45<((V48_Nom-V12_Min)*V12_Min)/((2*Lm*Fsw)*V48_Nom),SQRT((2*$O45*Lm*Fsw*V12_Min)/(V48_Nom*(V48_Nom-V12_Min)))*((V48_Nom-V12_Min)/(V12_Min)),1-(V12_Min/V48_Nom)) -> 0.63 | AD45: =IF($O45<((V48_Nom-V12_Min)*V12_Min)/((2*Lm*Fsw)*V48_Nom),(AB45/(Fsw*Lm))*(V48_Nom-V12_Min),((AB45/(Fsw*Lm))*(V48_Nom-V12_Min))) -> 6.1994681 | AE45: =IF($O45<((V48_Nom-V12_Min)*V12_Min)/((2*Lm*Fsw)*V48_Nom),(AB45/(Fsw*Lm))*(V48_Nom-V12_Min),(AD45/2)+$O45) -> 42.099734 | AF45: =IF($O45<((V48_Nom-V12_Nom)*V12_Nom)/((2*Lm*Fsw)*V48_Nom),SQRT((2*$O45*Lm*Fsw*V12_Nom)/(V48_Nom*(V48_Nom-V12_Nom))),(V12_Nom/V48_Nom)) -> 0.4 | AG45: =IF($O45<((V48_Nom-V12_Nom)*V12_Nom)/((2*Lm*Fsw)*V48_Nom),SQRT((2*$O45*Lm*Fsw*V12_Nom)/(V48_Nom*(V48_Nom-V12_Nom)))*((V48_Nom-V12_Nom)/(V12_Nom)),1-(V12_Nom/V48_Nom)) -> 0.6 | AH45: =IF($O45<((V48_Nom-V12_Nom)*V12_Nom)/((2*Lm*Fsw)*V48_Nom),(AF45/(Fsw*Lm))*(V48_Nom-V12_Nom),((AF45/(Fsw*Lm))*(V48_Nom-V12_Nom))) -> 6.3829787 | AI45: =IF($O45<((V48_Nom-V12_Nom)*V12_Nom)/((2*Lm*Fsw)*V48_Nom),(AF45/(Fsw*Lm))*(V48_Nom-V12_Nom),(AH45/2)+$O45) -> 42.191489 | AJ45: =IF($O45<((V48_Nom-V12_Max)*V12_Max)/((2*Lm*Fsw)*V48_Nom),SQRT((2*$O45*Lm*Fsw*V12_Max)/(V48_Nom*(V48_Nom-V12_Max))),(V12_Max/V48_Nom)) -> 0.52 | AK45: =IF($O45<((V48_Nom-V12_Max)*V12_Max)/((2*Lm*Fsw)*V48_Nom),SQRT((2*$O45*Lm*Fsw*V12_Max)/(V48_Nom*(V48_Nom-V12_Max)))*((V48_Nom-V12_Max)/(V12_Max)),1-(V12_Max/V48_Nom)) -> 0.48 | AL45: =IF($O45<((V48_Nom-V12_Max)*V12_Max)/((2*Lm*Fsw)*V48_Nom),(AJ45/(Fsw*Lm))*(V48_Nom-V12_Max),((AJ45/(Fsw*Lm))*(V48_Nom-V12_Max))) -> 6.6382979 | AM45: =IF($O45<((V48_Nom-V12_Max)*V12_Max)/((2*Lm*Fsw)*V48_Nom),(AJ45/(Fsw*Lm))*(V48_Nom-V12_Max),(AL45/2)+$O45) -> 42.319149
A46: Duty Cycle | B46: =(V12_Nom/V48_Nom) -> 0.4 | N46: 0.04 | O46: =N46/Rcs -> 40 | P46: =IF($O46<((V48_Min-V12_Nom)*V12_Nom)/((2*Lm*Fsw)*V48_Min),SQRT((2*$O46*Lm*Fsw*V12_Nom)/(V48_Min*(V48_Min-V12_Nom))),(V12_Nom/V48_Min)) -> 0.66666667 | Q46: =IF($O46<((V48_Min-V12_Nom)*V12_Nom)/((2*Lm*Fsw)*V48_Min),SQRT((2*$O46*Lm*Fsw*V12_Nom)/(V48_Min*(V48_Min-V12_Nom)))*((V48_Min-V12_Nom)/(V12_Nom)),1-(V12_Nom/V48_Min)) -> 0.33333333 | R46: =IF($O46<((V48_Min-V12_Nom)*V12_Nom)/((2*Lm*Fsw)*V48_Min),(P46/(Fsw*Lm))*(V48_Min-V12_Nom),((P46/(Fsw*Lm))*(V48_Min-V12_Nom))) -> 3.5460993 | S46: =IF($O46<((V48_Min-V12_Nom)*V12_Nom)/((2*Lm*Fsw)*V48_Min),(P46/(Fsw*Lm))*(V48_Min-V12_Nom),(R46/2)+$O46) -> 41.77305 | T46: =IF($O46<((V48_Nom-V12_Nom)*V12_Nom)/((2*Lm*Fsw)*V48_Nom),SQRT((2*$O46*Lm*Fsw*V12_Nom)/(V48_Nom*(V48_Nom-V12_Nom))),(V12_Nom/V48_Nom)) -> 0.4 | U46: =IF($O46<((V48_Nom-V12_Nom)*V12_Nom)/((2*Lm*Fsw)*V48_Nom),SQRT((2*$O46*Lm*Fsw*V12_Nom)/(V48_Nom*(V48_Nom-V12_Nom)))*((V48_Nom-V12_Nom)/(V12_Nom)),1-(V12_Nom/V48_Nom)) -> 0.6 | V46: =IF($O46<((V48_Nom-V12_Nom)*V12_Nom)/((2*Lm*Fsw)*V48_Nom),(T46/(Fsw*Lm))*(V48_Nom-V12_Nom),((T46/(Fsw*Lm))*(V48_Nom-V12_Nom))) -> 6.3829787 | W46: =IF($O46<((V48_Nom-V12_Nom)*V12_Nom)/((2*Lm*Fsw)*V48_Nom),(T46/(Fsw*Lm))*(V48_Nom-V12_Nom),(V46/2)+$O46) -> 43.191489 | X46: =IF($O46<((V48_Max-V12_Nom)*V12_Nom)/((2*Lm*Fsw)*V48_Max),SQRT((2*$O46*Lm*Fsw*V12_Nom)/(V48_Max*(V48_Max-V12_Nom))),(V12_Nom/V48_Max)) -> 0.23529412 | Y46: =IF($O46<((V48_Max-V12_Nom)*V12_Nom)/((2*Lm*Fsw)*V48_Max),SQRT((2*$O46*Lm*Fsw*V12_Nom)/(V48_Max*(V48_Max-V12_Nom)))*((V48_Max-V12_Nom)/(V12_Nom)),1-(V12_Nom/V48_Max)) -> 0.76470588 | Z46: =IF($O46<((V48_Max-V12_Nom)*V12_Nom)/((2*Lm*Fsw)*V48_Max),(X46/(Fsw*Lm))*(V48_Max-V12_Nom),((X46/(Fsw*Lm))*(V48_Max-V12_Nom))) -> 8.135169 | AA46: =IF($O46<((V48_Max-V12_Nom)*V12_Nom)/((2*Lm*Fsw)*V48_Max),(X46/(Fsw*Lm))*(V48_Max-V12_Nom),(Z46/2)+$O46) -> 44.067584 | AB46: =IF($O46<((V48_Nom-V12_Min)*V12_Min)/((2*Lm*Fsw)*V48_Nom),SQRT((2*$O46*Lm*Fsw*V12_Min)/(V48_Nom*(V48_Nom-V12_Min))),(V12_Min/V48_Nom)) -> 0.37 | AC46: =IF($O46<((V48_Nom-V12_Min)*V12_Min)/((2*Lm*Fsw)*V48_Nom),SQRT((2*$O46*Lm*Fsw*V12_Min)/(V48_Nom*(V48_Nom-V12_Min)))*((V48_Nom-V12_Min)/(V12_Min)),1-(V12_Min/V48_Nom)) -> 0.63 | AD46: =IF($O46<((V48_Nom-V12_Min)*V12_Min)/((2*Lm*Fsw)*V48_Nom),(AB46/(Fsw*Lm))*(V48_Nom-V12_Min),((AB46/(Fsw*Lm))*(V48_Nom-V12_Min))) -> 6.1994681 | AE46: =IF($O46<((V48_Nom-V12_Min)*V12_Min)/((2*Lm*Fsw)*V48_Nom),(AB46/(Fsw*Lm))*(V48_Nom-V12_Min),(AD46/2)+$O46) -> 43.099734 | AF46: =IF($O46<((V48_Nom-V12_Nom)*V12_Nom)/((2*Lm*Fsw)*V48_Nom),SQRT((2*$O46*Lm*Fsw*V12_Nom)/(V48_Nom*(V48_Nom-V12_Nom))),(V12_Nom/V48_Nom)) -> 0.4 | AG46: =IF($O46<((V48_Nom-V12_Nom)*V12_Nom)/((2*Lm*Fsw)*V48_Nom),SQRT((2*$O46*Lm*Fsw*V12_Nom)/(V48_Nom*(V48_Nom-V12_Nom)))*((V48_Nom-V12_Nom)/(V12_Nom)),1-(V12_Nom/V48_Nom)) -> 0.6 | AH46: =IF($O46<((V48_Nom-V12_Nom)*V12_Nom)/((2*Lm*Fsw)*V48_Nom),(AF46/(Fsw*Lm))*(V48_Nom-V12_Nom),((AF46/(Fsw*Lm))*(V48_Nom-V12_Nom))) -> 6.3829787 | AI46: =IF($O46<((V48_Nom-V12_Nom)*V12_Nom)/((2*Lm*Fsw)*V48_Nom),(AF46/(Fsw*Lm))*(V48_Nom-V12_Nom),(AH46/2)+$O46) -> 43.191489 | AJ46: =IF($O46<((V48_Nom-V12_Max)*V12_Max)/((2*Lm*Fsw)*V48_Nom),SQRT((2*$O46*Lm*Fsw*V12_Max)/(V48_Nom*(V48_Nom-V12_Max))),(V12_Max/V48_Nom)) -> 0.52 | AK46: =IF($O46<((V48_Nom-V12_Max)*V12_Max)/((2*Lm*Fsw)*V48_Nom),SQRT((2*$O46*Lm*Fsw*V12_Max)/(V48_Nom*(V48_Nom-V12_Max)))*((V48_Nom-V12_Max)/(V12_Max)),1-(V12_Max/V48_Nom)) -> 0.48 | AL46: =IF($O46<((V48_Nom-V12_Max)*V12_Max)/((2*Lm*Fsw)*V48_Nom),(AJ46/(Fsw*Lm))*(V48_Nom-V12_Max),((AJ46/(Fsw*Lm))*(V48_Nom-V12_Max))) -> 6.6382979 | AM46: =IF($O46<((V48_Nom-V12_Max)*V12_Max)/((2*Lm*Fsw)*V48_Nom),(AJ46/(Fsw*Lm))*(V48_Nom-V12_Max),(AL46/2)+$O46) -> 43.319149
A47: V48_Max to V12_Nom (Current Sense Voltage) | B47: =((V48_Max-V12_Nom)/(2*Lm*Fsw))*((V12_Nom*Rcs)/V48_Max)*1000 -> 4.0675845 | C47: mV | N47: 0.041 | O47: =N47/Rcs -> 41 | P47: =IF($O47<((V48_Min-V12_Nom)*V12_Nom)/((2*Lm*Fsw)*V48_Min),SQRT((2*$O47*Lm*Fsw*V12_Nom)/(V48_Min*(V48_Min-V12_Nom))),(V12_Nom/V48_Min)) -> 0.66666667 | Q47: =IF($O47<((V48_Min-V12_Nom)*V12_Nom)/((2*Lm*Fsw)*V48_Min),SQRT((2*$O47*Lm*Fsw*V12_Nom)/(V48_Min*(V48_Min-V12_Nom)))*((V48_Min-V12_Nom)/(V12_Nom)),1-(V12_Nom/V48_Min)) -> 0.33333333 | R47: =IF($O47<((V48_Min-V12_Nom)*V12_Nom)/((2*Lm*Fsw)*V48_Min),(P47/(Fsw*Lm))*(V48_Min-V12_Nom),((P47/(Fsw*Lm))*(V48_Min-V12_Nom))) -> 3.5460993 | S47: =IF($O47<((V48_Min-V12_Nom)*V12_Nom)/((2*Lm*Fsw)*V48_Min),(P47/(Fsw*Lm))*(V48_Min-V12_Nom),(R47/2)+$O47) -> 42.77305 | T47: =IF($O47<((V48_Nom-V12_Nom)*V12_Nom)/((2*Lm*Fsw)*V48_Nom),SQRT((2*$O47*Lm*Fsw*V12_Nom)/(V48_Nom*(V48_Nom-V12_Nom))),(V12_Nom/V48_Nom)) -> 0.4 | U47: =IF($O47<((V48_Nom-V12_Nom)*V12_Nom)/((2*Lm*Fsw)*V48_Nom),SQRT((2*$O47*Lm*Fsw*V12_Nom)/(V48_Nom*(V48_Nom-V12_Nom)))*((V48_Nom-V12_Nom)/(V12_Nom)),1-(V12_Nom/V48_Nom)) -> 0.6 | V47: =IF($O47<((V48_Nom-V12_Nom)*V12_Nom)/((2*Lm*Fsw)*V48_Nom),(T47/(Fsw*Lm))*(V48_Nom-V12_Nom),((T47/(Fsw*Lm))*(V48_Nom-V12_Nom))) -> 6.3829787 | W47: =IF($O47<((V48_Nom-V12_Nom)*V12_Nom)/((2*Lm*Fsw)*V48_Nom),(T47/(Fsw*Lm))*(V48_Nom-V12_Nom),(V47/2)+$O47) -> 44.191489 | X47: =IF($O47<((V48_Max-V12_Nom)*V12_Nom)/((2*Lm*Fsw)*V48_Max),SQRT((2*$O47*Lm*Fsw*V12_Nom)/(V48_Max*(V48_Max-V12_Nom))),(V12_Nom/V48_Max)) -> 0.23529412 | Y47: =IF($O47<((V48_Max-V12_Nom)*V12_Nom)/((2*Lm*Fsw)*V48_Max),SQRT((2*$O47*Lm*Fsw*V12_Nom)/(V48_Max*(V48_Max-V12_Nom)))*((V48_Max-V12_Nom)/(V12_Nom)),1-(V12_Nom/V48_Max)) -> 0.76470588 | Z47: =IF($O47<((V48_Max-V12_Nom)*V12_Nom)/((2*Lm*Fsw)*V48_Max),(X47/(Fsw*Lm))*(V48_Max-V12_Nom),((X47/(Fsw*Lm))*(V48_Max-V12_Nom))) -> 8.135169 | AA47: =IF($O47<((V48_Max-V12_Nom)*V12_Nom)/((2*Lm*Fsw)*V48_Max),(X47/(Fsw*Lm))*(V48_Max-V12_Nom),(Z47/2)+$O47) -> 45.067584 | AB47: =IF($O47<((V48_Nom-V12_Min)*V12_Min)/((2*Lm*Fsw)*V48_Nom),SQRT((2*$O47*Lm*Fsw*V12_Min)/(V48_Nom*(V48_Nom-V12_Min))),(V12_Min/V48_Nom)) -> 0.37 | AC47: =IF($O47<((V48_Nom-V12_Min)*V12_Min)/((2*Lm*Fsw)*V48_Nom),SQRT((2*$O47*Lm*Fsw*V12_Min)/(V48_Nom*(V48_Nom-V12_Min)))*((V48_Nom-V12_Min)/(V12_Min)),1-(V12_Min/V48_Nom)) -> 0.63 | AD47: =IF($O47<((V48_Nom-V12_Min)*V12_Min)/((2*Lm*Fsw)*V48_Nom),(AB47/(Fsw*Lm))*(V48_Nom-V12_Min),((AB47/(Fsw*Lm))*(V48_Nom-V12_Min))) -> 6.1994681 | AE47: =IF($O47<((V48_Nom-V12_Min)*V12_Min)/((2*Lm*Fsw)*V48_Nom),(AB47/(Fsw*Lm))*(V48_Nom-V12_Min),(AD47/2)+$O47) -> 44.099734 | AF47: =IF($O47<((V48_Nom-V12_Nom)*V12_Nom)/((2*Lm*Fsw)*V48_Nom),SQRT((2*$O47*Lm*Fsw*V12_Nom)/(V48_Nom*(V48_Nom-V12_Nom))),(V12_Nom/V48_Nom)) -> 0.4 | AG47: =IF($O47<((V48_Nom-V12_Nom)*V12_Nom)/((2*Lm*Fsw)*V48_Nom),SQRT((2*$O47*Lm*Fsw*V12_Nom)/(V48_Nom*(V48_Nom-V12_Nom)))*((V48_Nom-V12_Nom)/(V12_Nom)),1-(V12_Nom/V48_Nom)) -> 0.6 | AH47: =IF($O47<((V48_Nom-V12_Nom)*V12_Nom)/((2*Lm*Fsw)*V48_Nom),(AF47/(Fsw*Lm))*(V48_Nom-V12_Nom),((AF47/(Fsw*Lm))*(V48_Nom-V12_Nom))) -> 6.3829787 | AI47: =IF($O47<((V48_Nom-V12_Nom)*V12_Nom)/((2*Lm*Fsw)*V48_Nom),(AF47/(Fsw*Lm))*(V48_Nom-V12_Nom),(AH47/2)+$O47) -> 44.191489 | AJ47: =IF($O47<((V48_Nom-V12_Max)*V12_Max)/((2*Lm*Fsw)*V48_Nom),SQRT((2*$O47*Lm*Fsw*V12_Max)/(V48_Nom*(V48_Nom-V12_Max))),(V12_Max/V48_Nom)) -> 0.52 | AK47: =IF($O47<((V48_Nom-V12_Max)*V12_Max)/((2*Lm*Fsw)*V48_Nom),SQRT((2*$O47*Lm*Fsw*V12_Max)/(V48_Nom*(V48_Nom-V12_Max)))*((V48_Nom-V12_Max)/(V12_Max)),1-(V12_Max/V48_Nom)) -> 0.48 | AL47: =IF($O47<((V48_Nom-V12_Max)*V12_Max)/((2*Lm*Fsw)*V48_Nom),(AJ47/(Fsw*Lm))*(V48_Nom-V12_Max),((AJ47/(Fsw*Lm))*(V48_Nom-V12_Max))) -> 6.6382979 | AM47: =IF($O47<((V48_Nom-V12_Max)*V12_Max)/((2*Lm*Fsw)*V48_Nom),(AJ47/(Fsw*Lm))*(V48_Nom-V12_Max),(AL47/2)+$O47) -> 44.319149
A48: V48_Max to V12_Nom (Inductor AVG Current) | B48: =(B47/1000)/Rcs -> 4.0675845 | C48: A | N48: 0.042 | O48: =N48/Rcs -> 42 | P48: =IF($O48<((V48_Min-V12_Nom)*V12_Nom)/((2*Lm*Fsw)*V48_Min),SQRT((2*$O48*Lm*Fsw*V12_Nom)/(V48_Min*(V48_Min-V12_Nom))),(V12_Nom/V48_Min)) -> 0.66666667 | Q48: =IF($O48<((V48_Min-V12_Nom)*V12_Nom)/((2*Lm*Fsw)*V48_Min),SQRT((2*$O48*Lm*Fsw*V12_Nom)/(V48_Min*(V48_Min-V12_Nom)))*((V48_Min-V12_Nom)/(V12_Nom)),1-(V12_Nom/V48_Min)) -> 0.33333333 | R48: =IF($O48<((V48_Min-V12_Nom)*V12_Nom)/((2*Lm*Fsw)*V48_Min),(P48/(Fsw*Lm))*(V48_Min-V12_Nom),((P48/(Fsw*Lm))*(V48_Min-V12_Nom))) -> 3.5460993 | S48: =IF($O48<((V48_Min-V12_Nom)*V12_Nom)/((2*Lm*Fsw)*V48_Min),(P48/(Fsw*Lm))*(V48_Min-V12_Nom),(R48/2)+$O48) -> 43.77305 | T48: =IF($O48<((V48_Nom-V12_Nom)*V12_Nom)/((2*Lm*Fsw)*V48_Nom),SQRT((2*$O48*Lm*Fsw*V12_Nom)/(V48_Nom*(V48_Nom-V12_Nom))),(V12_Nom/V48_Nom)) -> 0.4 | U48: =IF($O48<((V48_Nom-V12_Nom)*V12_Nom)/((2*Lm*Fsw)*V48_Nom),SQRT((2*$O48*Lm*Fsw*V12_Nom)/(V48_Nom*(V48_Nom-V12_Nom)))*((V48_Nom-V12_Nom)/(V12_Nom)),1-(V12_Nom/V48_Nom)) -> 0.6 | V48: =IF($O48<((V48_Nom-V12_Nom)*V12_Nom)/((2*Lm*Fsw)*V48_Nom),(T48/(Fsw*Lm))*(V48_Nom-V12_Nom),((T48/(Fsw*Lm))*(V48_Nom-V12_Nom))) -> 6.3829787 | W48: =IF($O48<((V48_Nom-V12_Nom)*V12_Nom)/((2*Lm*Fsw)*V48_Nom),(T48/(Fsw*Lm))*(V48_Nom-V12_Nom),(V48/2)+$O48) -> 45.191489 | X48: =IF($O48<((V48_Max-V12_Nom)*V12_Nom)/((2*Lm*Fsw)*V48_Max),SQRT((2*$O48*Lm*Fsw*V12_Nom)/(V48_Max*(V48_Max-V12_Nom))),(V12_Nom/V48_Max)) -> 0.23529412 | Y48: =IF($O48<((V48_Max-V12_Nom)*V12_Nom)/((2*Lm*Fsw)*V48_Max),SQRT((2*$O48*Lm*Fsw*V12_Nom)/(V48_Max*(V48_Max-V12_Nom)))*((V48_Max-V12_Nom)/(V12_Nom)),1-(V12_Nom/V48_Max)) -> 0.76470588 | Z48: =IF($O48<((V48_Max-V12_Nom)*V12_Nom)/((2*Lm*Fsw)*V48_Max),(X48/(Fsw*Lm))*(V48_Max-V12_Nom),((X48/(Fsw*Lm))*(V48_Max-V12_Nom))) -> 8.135169 | AA48: =IF($O48<((V48_Max-V12_Nom)*V12_Nom)/((2*Lm*Fsw)*V48_Max),(X48/(Fsw*Lm))*(V48_Max-V12_Nom),(Z48/2)+$O48) -> 46.067584 | AB48: =IF($O48<((V48_Nom-V12_Min)*V12_Min)/((2*Lm*Fsw)*V48_Nom),SQRT((2*$O48*Lm*Fsw*V12_Min)/(V48_Nom*(V48_Nom-V12_Min))),(V12_Min/V48_Nom)) -> 0.37 | AC48: =IF($O48<((V48_Nom-V12_Min)*V12_Min)/((2*Lm*Fsw)*V48_Nom),SQRT((2*$O48*Lm*Fsw*V12_Min)/(V48_Nom*(V48_Nom-V12_Min)))*((V48_Nom-V12_Min)/(V12_Min)),1-(V12_Min/V48_Nom)) -> 0.63 | AD48: =IF($O48<((V48_Nom-V12_Min)*V12_Min)/((2*Lm*Fsw)*V48_Nom),(AB48/(Fsw*Lm))*(V48_Nom-V12_Min),((AB48/(Fsw*Lm))*(V48_Nom-V12_Min))) -> 6.1994681 | AE48: =IF($O48<((V48_Nom-V12_Min)*V12_Min)/((2*Lm*Fsw)*V48_Nom),(AB48/(Fsw*Lm))*(V48_Nom-V12_Min),(AD48/2)+$O48) -> 45.099734 | AF48: =IF($O48<((V48_Nom-V12_Nom)*V12_Nom)/((2*Lm*Fsw)*V48_Nom),SQRT((2*$O48*Lm*Fsw*V12_Nom)/(V48_Nom*(V48_Nom-V12_Nom))),(V12_Nom/V48_Nom)) -> 0.4 | AG48: =IF($O48<((V48_Nom-V12_Nom)*V12_Nom)/((2*Lm*Fsw)*V48_Nom),SQRT((2*$O48*Lm*Fsw*V12_Nom)/(V48_Nom*(V48_Nom-V12_Nom)))*((V48_Nom-V12_Nom)/(V12_Nom)),1-(V12_Nom/V48_Nom)) -> 0.6 | AH48: =IF($O48<((V48_Nom-V12_Nom)*V12_Nom)/((2*Lm*Fsw)*V48_Nom),(AF48/(Fsw*Lm))*(V48_Nom-V12_Nom),((AF48/(Fsw*Lm))*(V48_Nom-V12_Nom))) -> 6.3829787 | AI48: =IF($O48<((V48_Nom-V12_Nom)*V12_Nom)/((2*Lm*Fsw)*V48_Nom),(AF48/(Fsw*Lm))*(V48_Nom-V12_Nom),(AH48/2)+$O48) -> 45.191489 | AJ48: =IF($O48<((V48_Nom-V12_Max)*V12_Max)/((2*Lm*Fsw)*V48_Nom),SQRT((2*$O48*Lm*Fsw*V12_Max)/(V48_Nom*(V48_Nom-V12_Max))),(V12_Max/V48_Nom)) -> 0.52 | AK48: =IF($O48<((V48_Nom-V12_Max)*V12_Max)/((2*Lm*Fsw)*V48_Nom),SQRT((2*$O48*Lm*Fsw*V12_Max)/(V48_Nom*(V48_Nom-V12_Max)))*((V48_Nom-V12_Max)/(V12_Max)),1-(V12_Max/V48_Nom)) -> 0.48 | AL48: =IF($O48<((V48_Nom-V12_Max)*V12_Max)/((2*Lm*Fsw)*V48_Nom),(AJ48/(Fsw*Lm))*(V48_Nom-V12_Max),((AJ48/(Fsw*Lm))*(V48_Nom-V12_Max))) -> 6.6382979 | AM48: =IF($O48<((V48_Nom-V12_Max)*V12_Max)/((2*Lm*Fsw)*V48_Nom),(AJ48/(Fsw*Lm))*(V48_Nom-V12_Max),(AL48/2)+$O48) -> 45.319149
A49: Duty Cycle | B49: =(V12_Nom/V48_Max) -> 0.23529412 | N49: 0.043 | O49: =N49/Rcs -> 43 | P49: =IF($O49<((V48_Min-V12_Nom)*V12_Nom)/((2*Lm*Fsw)*V48_Min),SQRT((2*$O49*Lm*Fsw*V12_Nom)/(V48_Min*(V48_Min-V12_Nom))),(V12_Nom/V48_Min)) -> 0.66666667 | Q49: =IF($O49<((V48_Min-V12_Nom)*V12_Nom)/((2*Lm*Fsw)*V48_Min),SQRT((2*$O49*Lm*Fsw*V12_Nom)/(V48_Min*(V48_Min-V12_Nom)))*((V48_Min-V12_Nom)/(V12_Nom)),1-(V12_Nom/V48_Min)) -> 0.33333333 | R49: =IF($O49<((V48_Min-V12_Nom)*V12_Nom)/((2*Lm*Fsw)*V48_Min),(P49/(Fsw*Lm))*(V48_Min-V12_Nom),((P49/(Fsw*Lm))*(V48_Min-V12_Nom))) -> 3.5460993 | S49: =IF($O49<((V48_Min-V12_Nom)*V12_Nom)/((2*Lm*Fsw)*V48_Min),(P49/(Fsw*Lm))*(V48_Min-V12_Nom),(R49/2)+$O49) -> 44.77305 | T49: =IF($O49<((V48_Nom-V12_Nom)*V12_Nom)/((2*Lm*Fsw)*V48_Nom),SQRT((2*$O49*Lm*Fsw*V12_Nom)/(V48_Nom*(V48_Nom-V12_Nom))),(V12_Nom/V48_Nom)) -> 0.4 | U49: =IF($O49<((V48_Nom-V12_Nom)*V12_Nom)/((2*Lm*Fsw)*V48_Nom),SQRT((2*$O49*Lm*Fsw*V12_Nom)/(V48_Nom*(V48_Nom-V12_Nom)))*((V48_Nom-V12_Nom)/(V12_Nom)),1-(V12_Nom/V48_Nom)) -> 0.6 | V49: =IF($O49<((V48_Nom-V12_Nom)*V12_Nom)/((2*Lm*Fsw)*V48_Nom),(T49/(Fsw*Lm))*(V48_Nom-V12_Nom),((T49/(Fsw*Lm))*(V48_Nom-V12_Nom))) -> 6.3829787 | W49: =IF($O49<((V48_Nom-V12_Nom)*V12_Nom)/((2*Lm*Fsw)*V48_Nom),(T49/(Fsw*Lm))*(V48_Nom-V12_Nom),(V49/2)+$O49) -> 46.191489 | X49: =IF($O49<((V48_Max-V12_Nom)*V12_Nom)/((2*Lm*Fsw)*V48_Max),SQRT((2*$O49*Lm*Fsw*V12_Nom)/(V48_Max*(V48_Max-V12_Nom))),(V12_Nom/V48_Max)) -> 0.23529412 | Y49: =IF($O49<((V48_Max-V12_Nom)*V12_Nom)/((2*Lm*Fsw)*V48_Max),SQRT((2*$O49*Lm*Fsw*V12_Nom)/(V48_Max*(V48_Max-V12_Nom)))*((V48_Max-V12_Nom)/(V12_Nom)),1-(V12_Nom/V48_Max)) -> 0.76470588 | Z49: =IF($O49<((V48_Max-V12_Nom)*V12_Nom)/((2*Lm*Fsw)*V48_Max),(X49/(Fsw*Lm))*(V48_Max-V12_Nom),((X49/(Fsw*Lm))*(V48_Max-V12_Nom))) -> 8.135169 | AA49: =IF($O49<((V48_Max-V12_Nom)*V12_Nom)/((2*Lm*Fsw)*V48_Max),(X49/(Fsw*Lm))*(V48_Max-V12_Nom),(Z49/2)+$O49) -> 47.067584 | AB49: =IF($O49<((V48_Nom-V12_Min)*V12_Min)/((2*Lm*Fsw)*V48_Nom),SQRT((2*$O49*Lm*Fsw*V12_Min)/(V48_Nom*(V48_Nom-V12_Min))),(V12_Min/V48_Nom)) -> 0.37 | AC49: =IF($O49<((V48_Nom-V12_Min)*V12_Min)/((2*Lm*Fsw)*V48_Nom),SQRT((2*$O49*Lm*Fsw*V12_Min)/(V48_Nom*(V48_Nom-V12_Min)))*((V48_Nom-V12_Min)/(V12_Min)),1-(V12_Min/V48_Nom)) -> 0.63 | AD49: =IF($O49<((V48_Nom-V12_Min)*V12_Min)/((2*Lm*Fsw)*V48_Nom),(AB49/(Fsw*Lm))*(V48_Nom-V12_Min),((AB49/(Fsw*Lm))*(V48_Nom-V12_Min))) -> 6.1994681 | AE49: =IF($O49<((V48_Nom-V12_Min)*V12_Min)/((2*Lm*Fsw)*V48_Nom),(AB49/(Fsw*Lm))*(V48_Nom-V12_Min),(AD49/2)+$O49) -> 46.099734 | AF49: =IF($O49<((V48_Nom-V12_Nom)*V12_Nom)/((2*Lm*Fsw)*V48_Nom),SQRT((2*$O49*Lm*Fsw*V12_Nom)/(V48_Nom*(V48_Nom-V12_Nom))),(V12_Nom/V48_Nom)) -> 0.4 | AG49: =IF($O49<((V48_Nom-V12_Nom)*V12_Nom)/((2*Lm*Fsw)*V48_Nom),SQRT((2*$O49*Lm*Fsw*V12_Nom)/(V48_Nom*(V48_Nom-V12_Nom)))*((V48_Nom-V12_Nom)/(V12_Nom)),1-(V12_Nom/V48_Nom)) -> 0.6 | AH49: =IF($O49<((V48_Nom-V12_Nom)*V12_Nom)/((2*Lm*Fsw)*V48_Nom),(AF49/(Fsw*Lm))*(V48_Nom-V12_Nom),((AF49/(Fsw*Lm))*(V48_Nom-V12_Nom))) -> 6.3829787 | AI49: =IF($O49<((V48_Nom-V12_Nom)*V12_Nom)/((2*Lm*Fsw)*V48_Nom),(AF49/(Fsw*Lm))*(V48_Nom-V12_Nom),(AH49/2)+$O49) -> 46.191489 | AJ49: =IF($O49<((V48_Nom-V12_Max)*V12_Max)/((2*Lm*Fsw)*V48_Nom),SQRT((2*$O49*Lm*Fsw*V12_Max)/(V48_Nom*(V48_Nom-V12_Max))),(V12_Max/V48_Nom)) -> 0.52 | AK49: =IF($O49<((V48_Nom-V12_Max)*V12_Max)/((2*Lm*Fsw)*V48_Nom),SQRT((2*$O49*Lm*Fsw*V12_Max)/(V48_Nom*(V48_Nom-V12_Max)))*((V48_Nom-V12_Max)/(V12_Max)),1-(V12_Max/V48_Nom)) -> 0.48 | AL49: =IF($O49<((V48_Nom-V12_Max)*V12_Max)/((2*Lm*Fsw)*V48_Nom),(AJ49/(Fsw*Lm))*(V48_Nom-V12_Max),((AJ49/(Fsw*Lm))*(V48_Nom-V12_Max))) -> 6.6382979 | AM49: =IF($O49<((V48_Nom-V12_Max)*V12_Max)/((2*Lm*Fsw)*V48_Nom),(AJ49/(Fsw*Lm))*(V48_Nom-V12_Max),(AL49/2)+$O49) -> 46.319149
A50: V48_Nom to V12_Min (Current Sense Voltage) | B50: =((V48_Nom-V12_Min)/(2*Lm*Fsw))*((V12_Min*Rcs)/V48_Nom)*1000 -> 3.099734 | C50: mV | N50: 0.044 | O50: =N50/Rcs -> 44 | P50: =IF($O50<((V48_Min-V12_Nom)*V12_Nom)/((2*Lm*Fsw)*V48_Min),SQRT((2*$O50*Lm*Fsw*V12_Nom)/(V48_Min*(V48_Min-V12_Nom))),(V12_Nom/V48_Min)) -> 0.66666667 | Q50: =IF($O50<((V48_Min-V12_Nom)*V12_Nom)/((2*Lm*Fsw)*V48_Min),SQRT((2*$O50*Lm*Fsw*V12_Nom)/(V48_Min*(V48_Min-V12_Nom)))*((V48_Min-V12_Nom)/(V12_Nom)),1-(V12_Nom/V48_Min)) -> 0.33333333 | R50: =IF($O50<((V48_Min-V12_Nom)*V12_Nom)/((2*Lm*Fsw)*V48_Min),(P50/(Fsw*Lm))*(V48_Min-V12_Nom),((P50/(Fsw*Lm))*(V48_Min-V12_Nom))) -> 3.5460993 | S50: =IF($O50<((V48_Min-V12_Nom)*V12_Nom)/((2*Lm*Fsw)*V48_Min),(P50/(Fsw*Lm))*(V48_Min-V12_Nom),(R50/2)+$O50) -> 45.77305 | T50: =IF($O50<((V48_Nom-V12_Nom)*V12_Nom)/((2*Lm*Fsw)*V48_Nom),SQRT((2*$O50*Lm*Fsw*V12_Nom)/(V48_Nom*(V48_Nom-V12_Nom))),(V12_Nom/V48_Nom)) -> 0.4 | U50: =IF($O50<((V48_Nom-V12_Nom)*V12_Nom)/((2*Lm*Fsw)*V48_Nom),SQRT((2*$O50*Lm*Fsw*V12_Nom)/(V48_Nom*(V48_Nom-V12_Nom)))*((V48_Nom-V12_Nom)/(V12_Nom)),1-(V12_Nom/V48_Nom)) -> 0.6 | V50: =IF($O50<((V48_Nom-V12_Nom)*V12_Nom)/((2*Lm*Fsw)*V48_Nom),(T50/(Fsw*Lm))*(V48_Nom-V12_Nom),((T50/(Fsw*Lm))*(V48_Nom-V12_Nom))) -> 6.3829787 | W50: =IF($O50<((V48_Nom-V12_Nom)*V12_Nom)/((2*Lm*Fsw)*V48_Nom),(T50/(Fsw*Lm))*(V48_Nom-V12_Nom),(V50/2)+$O50) -> 47.191489 | X50: =IF($O50<((V48_Max-V12_Nom)*V12_Nom)/((2*Lm*Fsw)*V48_Max),SQRT((2*$O50*Lm*Fsw*V12_Nom)/(V48_Max*(V48_Max-V12_Nom))),(V12_Nom/V48_Max)) -> 0.23529412 | Y50: =IF($O50<((V48_Max-V12_Nom)*V12_Nom)/((2*Lm*Fsw)*V48_Max),SQRT((2*$O50*Lm*Fsw*V12_Nom)/(V48_Max*(V48_Max-V12_Nom)))*((V48_Max-V12_Nom)/(V12_Nom)),1-(V12_Nom/V48_Max)) -> 0.76470588 | Z50: =IF($O50<((V48_Max-V12_Nom)*V12_Nom)/((2*Lm*Fsw)*V48_Max),(X50/(Fsw*Lm))*(V48_Max-V12_Nom),((X50/(Fsw*Lm))*(V48_Max-V12_Nom))) -> 8.135169 | AA50: =IF($O50<((V48_Max-V12_Nom)*V12_Nom)/((2*Lm*Fsw)*V48_Max),(X50/(Fsw*Lm))*(V48_Max-V12_Nom),(Z50/2)+$O50) -> 48.067584 | AB50: =IF($O50<((V48_Nom-V12_Min)*V12_Min)/((2*Lm*Fsw)*V48_Nom),SQRT((2*$O50*Lm*Fsw*V12_Min)/(V48_Nom*(V48_Nom-V12_Min))),(V12_Min/V48_Nom)) -> 0.37 | AC50: =IF($O50<((V48_Nom-V12_Min)*V12_Min)/((2*Lm*Fsw)*V48_Nom),SQRT((2*$O50*Lm*Fsw*V12_Min)/(V48_Nom*(V48_Nom-V12_Min)))*((V48_Nom-V12_Min)/(V12_Min)),1-(V12_Min/V48_Nom)) -> 0.63 | AD50: =IF($O50<((V48_Nom-V12_Min)*V12_Min)/((2*Lm*Fsw)*V48_Nom),(AB50/(Fsw*Lm))*(V48_Nom-V12_Min),((AB50/(Fsw*Lm))*(V48_Nom-V12_Min))) -> 6.1994681 | AE50: =IF($O50<((V48_Nom-V12_Min)*V12_Min)/((2*Lm*Fsw)*V48_Nom),(AB50/(Fsw*Lm))*(V48_Nom-V12_Min),(AD50/2)+$O50) -> 47.099734 | AF50: =IF($O50<((V48_Nom-V12_Nom)*V12_Nom)/((2*Lm*Fsw)*V48_Nom),SQRT((2*$O50*Lm*Fsw*V12_Nom)/(V48_Nom*(V48_Nom-V12_Nom))),(V12_Nom/V48_Nom)) -> 0.4 | AG50: =IF($O50<((V48_Nom-V12_Nom)*V12_Nom)/((2*Lm*Fsw)*V48_Nom),SQRT((2*$O50*Lm*Fsw*V12_Nom)/(V48_Nom*(V48_Nom-V12_Nom)))*((V48_Nom-V12_Nom)/(V12_Nom)),1-(V12_Nom/V48_Nom)) -> 0.6 | AH50: =IF($O50<((V48_Nom-V12_Nom)*V12_Nom)/((2*Lm*Fsw)*V48_Nom),(AF50/(Fsw*Lm))*(V48_Nom-V12_Nom),((AF50/(Fsw*Lm))*(V48_Nom-V12_Nom))) -> 6.3829787 | AI50: =IF($O50<((V48_Nom-V12_Nom)*V12_Nom)/((2*Lm*Fsw)*V48_Nom),(AF50/(Fsw*Lm))*(V48_Nom-V12_Nom),(AH50/2)+$O50) -> 47.191489 | AJ50: =IF($O50<((V48_Nom-V12_Max)*V12_Max)/((2*Lm*Fsw)*V48_Nom),SQRT((2*$O50*Lm*Fsw*V12_Max)/(V48_Nom*(V48_Nom-V12_Max))),(V12_Max/V48_Nom)) -> 0.52 | AK50: =IF($O50<((V48_Nom-V12_Max)*V12_Max)/((2*Lm*Fsw)*V48_Nom),SQRT((2*$O50*Lm*Fsw*V12_Max)/(V48_Nom*(V48_Nom-V12_Max)))*((V48_Nom-V12_Max)/(V12_Max)),1-(V12_Max/V48_Nom)) -> 0.48 | AL50: =IF($O50<((V48_Nom-V12_Max)*V12_Max)/((2*Lm*Fsw)*V48_Nom),(AJ50/(Fsw*Lm))*(V48_Nom-V12_Max),((AJ50/(Fsw*Lm))*(V48_Nom-V12_Max))) -> 6.6382979 | AM50: =IF($O50<((V48_Nom-V12_Max)*V12_Max)/((2*Lm*Fsw)*V48_Nom),(AJ50/(Fsw*Lm))*(V48_Nom-V12_Max),(AL50/2)+$O50) -> 47.319149
A51: V48_Nom to V12_Min (Inductor AVG Current) | B51: =(B50/1000)/Rcs -> 3.099734 | C51: A | N51: 0.045 | O51: =N51/Rcs -> 45 | P51: =IF($O51<((V48_Min-V12_Nom)*V12_Nom)/((2*Lm*Fsw)*V48_Min),SQRT((2*$O51*Lm*Fsw*V12_Nom)/(V48_Min*(V48_Min-V12_Nom))),(V12_Nom/V48_Min)) -> 0.66666667 | Q51: =IF($O51<((V48_Min-V12_Nom)*V12_Nom)/((2*Lm*Fsw)*V48_Min),SQRT((2*$O51*Lm*Fsw*V12_Nom)/(V48_Min*(V48_Min-V12_Nom)))*((V48_Min-V12_Nom)/(V12_Nom)),1-(V12_Nom/V48_Min)) -> 0.33333333 | R51: =IF($O51<((V48_Min-V12_Nom)*V12_Nom)/((2*Lm*Fsw)*V48_Min),(P51/(Fsw*Lm))*(V48_Min-V12_Nom),((P51/(Fsw*Lm))*(V48_Min-V12_Nom))) -> 3.5460993 | S51: =IF($O51<((V48_Min-V12_Nom)*V12_Nom)/((2*Lm*Fsw)*V48_Min),(P51/(Fsw*Lm))*(V48_Min-V12_Nom),(R51/2)+$O51) -> 46.77305 | T51: =IF($O51<((V48_Nom-V12_Nom)*V12_Nom)/((2*Lm*Fsw)*V48_Nom),SQRT((2*$O51*Lm*Fsw*V12_Nom)/(V48_Nom*(V48_Nom-V12_Nom))),(V12_Nom/V48_Nom)) -> 0.4 | U51: =IF($O51<((V48_Nom-V12_Nom)*V12_Nom)/((2*Lm*Fsw)*V48_Nom),SQRT((2*$O51*Lm*Fsw*V12_Nom)/(V48_Nom*(V48_Nom-V12_Nom)))*((V48_Nom-V12_Nom)/(V12_Nom)),1-(V12_Nom/V48_Nom)) -> 0.6 | V51: =IF($O51<((V48_Nom-V12_Nom)*V12_Nom)/((2*Lm*Fsw)*V48_Nom),(T51/(Fsw*Lm))*(V48_Nom-V12_Nom),((T51/(Fsw*Lm))*(V48_Nom-V12_Nom))) -> 6.3829787 | W51: =IF($O51<((V48_Nom-V12_Nom)*V12_Nom)/((2*Lm*Fsw)*V48_Nom),(T51/(Fsw*Lm))*(V48_Nom-V12_Nom),(V51/2)+$O51) -> 48.191489 | X51: =IF($O51<((V48_Max-V12_Nom)*V12_Nom)/((2*Lm*Fsw)*V48_Max),SQRT((2*$O51*Lm*Fsw*V12_Nom)/(V48_Max*(V48_Max-V12_Nom))),(V12_Nom/V48_Max)) -> 0.23529412 | Y51: =IF($O51<((V48_Max-V12_Nom)*V12_Nom)/((2*Lm*Fsw)*V48_Max),SQRT((2*$O51*Lm*Fsw*V12_Nom)/(V48_Max*(V48_Max-V12_Nom)))*((V48_Max-V12_Nom)/(V12_Nom)),1-(V12_Nom/V48_Max)) -> 0.76470588 | Z51: =IF($O51<((V48_Max-V12_Nom)*V12_Nom)/((2*Lm*Fsw)*V48_Max),(X51/(Fsw*Lm))*(V48_Max-V12_Nom),((X51/(Fsw*Lm))*(V48_Max-V12_Nom))) -> 8.135169 | AA51: =IF($O51<((V48_Max-V12_Nom)*V12_Nom)/((2*Lm*Fsw)*V48_Max),(X51/(Fsw*Lm))*(V48_Max-V12_Nom),(Z51/2)+$O51) -> 49.067584 | AB51: =IF($O51<((V48_Nom-V12_Min)*V12_Min)/((2*Lm*Fsw)*V48_Nom),SQRT((2*$O51*Lm*Fsw*V12_Min)/(V48_Nom*(V48_Nom-V12_Min))),(V12_Min/V48_Nom)) -> 0.37 | AC51: =IF($O51<((V48_Nom-V12_Min)*V12_Min)/((2*Lm*Fsw)*V48_Nom),SQRT((2*$O51*Lm*Fsw*V12_Min)/(V48_Nom*(V48_Nom-V12_Min)))*((V48_Nom-V12_Min)/(V12_Min)),1-(V12_Min/V48_Nom)) -> 0.63 | AD51: =IF($O51<((V48_Nom-V12_Min)*V12_Min)/((2*Lm*Fsw)*V48_Nom),(AB51/(Fsw*Lm))*(V48_Nom-V12_Min),((AB51/(Fsw*Lm))*(V48_Nom-V12_Min))) -> 6.1994681 | AE51: =IF($O51<((V48_Nom-V12_Min)*V12_Min)/((2*Lm*Fsw)*V48_Nom),(AB51/(Fsw*Lm))*(V48_Nom-V12_Min),(AD51/2)+$O51) -> 48.099734 | AF51: =IF($O51<((V48_Nom-V12_Nom)*V12_Nom)/((2*Lm*Fsw)*V48_Nom),SQRT((2*$O51*Lm*Fsw*V12_Nom)/(V48_Nom*(V48_Nom-V12_Nom))),(V12_Nom/V48_Nom)) -> 0.4 | AG51: =IF($O51<((V48_Nom-V12_Nom)*V12_Nom)/((2*Lm*Fsw)*V48_Nom),SQRT((2*$O51*Lm*Fsw*V12_Nom)/(V48_Nom*(V48_Nom-V12_Nom)))*((V48_Nom-V12_Nom)/(V12_Nom)),1-(V12_Nom/V48_Nom)) -> 0.6 | AH51: =IF($O51<((V48_Nom-V12_Nom)*V12_Nom)/((2*Lm*Fsw)*V48_Nom),(AF51/(Fsw*Lm))*(V48_Nom-V12_Nom),((AF51/(Fsw*Lm))*(V48_Nom-V12_Nom))) -> 6.3829787 | AI51: =IF($O51<((V48_Nom-V12_Nom)*V12_Nom)/((2*Lm*Fsw)*V48_Nom),(AF51/(Fsw*Lm))*(V48_Nom-V12_Nom),(AH51/2)+$O51) -> 48.191489 | AJ51: =IF($O51<((V48_Nom-V12_Max)*V12_Max)/((2*Lm*Fsw)*V48_Nom),SQRT((2*$O51*Lm*Fsw*V12_Max)/(V48_Nom*(V48_Nom-V12_Max))),(V12_Max/V48_Nom)) -> 0.52 | AK51: =IF($O51<((V48_Nom-V12_Max)*V12_Max)/((2*Lm*Fsw)*V48_Nom),SQRT((2*$O51*Lm*Fsw*V12_Max)/(V48_Nom*(V48_Nom-V12_Max)))*((V48_Nom-V12_Max)/(V12_Max)),1-(V12_Max/V48_Nom)) -> 0.48 | AL51: =IF($O51<((V48_Nom-V12_Max)*V12_Max)/((2*Lm*Fsw)*V48_Nom),(AJ51/(Fsw*Lm))*(V48_Nom-V12_Max),((AJ51/(Fsw*Lm))*(V48_Nom-V12_Max))) -> 6.6382979 | AM51: =IF($O51<((V48_Nom-V12_Max)*V12_Max)/((2*Lm*Fsw)*V48_Nom),(AJ51/(Fsw*Lm))*(V48_Nom-V12_Max),(AL51/2)+$O51) -> 48.319149
A52: Duty Cycle | B52: =1-(V12_Min/V48_Nom) -> 0.63 | N52: 0.046 | O52: =N52/Rcs -> 46 | P52: =IF($O52<((V48_Min-V12_Nom)*V12_Nom)/((2*Lm*Fsw)*V48_Min),SQRT((2*$O52*Lm*Fsw*V12_Nom)/(V48_Min*(V48_Min-V12_Nom))),(V12_Nom/V48_Min)) -> 0.66666667 | Q52: =IF($O52<((V48_Min-V12_Nom)*V12_Nom)/((2*Lm*Fsw)*V48_Min),SQRT((2*$O52*Lm*Fsw*V12_Nom)/(V48_Min*(V48_Min-V12_Nom)))*((V48_Min-V12_Nom)/(V12_Nom)),1-(V12_Nom/V48_Min)) -> 0.33333333 | R52: =IF($O52<((V48_Min-V12_Nom)*V12_Nom)/((2*Lm*Fsw)*V48_Min),(P52/(Fsw*Lm))*(V48_Min-V12_Nom),((P52/(Fsw*Lm))*(V48_Min-V12_Nom))) -> 3.5460993 | S52: =IF($O52<((V48_Min-V12_Nom)*V12_Nom)/((2*Lm*Fsw)*V48_Min),(P52/(Fsw*Lm))*(V48_Min-V12_Nom),(R52/2)+$O52) -> 47.77305 | T52: =IF($O52<((V48_Nom-V12_Nom)*V12_Nom)/((2*Lm*Fsw)*V48_Nom),SQRT((2*$O52*Lm*Fsw*V12_Nom)/(V48_Nom*(V48_Nom-V12_Nom))),(V12_Nom/V48_Nom)) -> 0.4 | U52: =IF($O52<((V48_Nom-V12_Nom)*V12_Nom)/((2*Lm*Fsw)*V48_Nom),SQRT((2*$O52*Lm*Fsw*V12_Nom)/(V48_Nom*(V48_Nom-V12_Nom)))*((V48_Nom-V12_Nom)/(V12_Nom)),1-(V12_Nom/V48_Nom)) -> 0.6 | V52: =IF($O52<((V48_Nom-V12_Nom)*V12_Nom)/((2*Lm*Fsw)*V48_Nom),(T52/(Fsw*Lm))*(V48_Nom-V12_Nom),((T52/(Fsw*Lm))*(V48_Nom-V12_Nom))) -> 6.3829787 | W52: =IF($O52<((V48_Nom-V12_Nom)*V12_Nom)/((2*Lm*Fsw)*V48_Nom),(T52/(Fsw*Lm))*(V48_Nom-V12_Nom),(V52/2)+$O52) -> 49.191489 | X52: =IF($O52<((V48_Max-V12_Nom)*V12_Nom)/((2*Lm*Fsw)*V48_Max),SQRT((2*$O52*Lm*Fsw*V12_Nom)/(V48_Max*(V48_Max-V12_Nom))),(V12_Nom/V48_Max)) -> 0.23529412 | Y52: =IF($O52<((V48_Max-V12_Nom)*V12_Nom)/((2*Lm*Fsw)*V48_Max),SQRT((2*$O52*Lm*Fsw*V12_Nom)/(V48_Max*(V48_Max-V12_Nom)))*((V48_Max-V12_Nom)/(V12_Nom)),1-(V12_Nom/V48_Max)) -> 0.76470588 | Z52: =IF($O52<((V48_Max-V12_Nom)*V12_Nom)/((2*Lm*Fsw)*V48_Max),(X52/(Fsw*Lm))*(V48_Max-V12_Nom),((X52/(Fsw*Lm))*(V48_Max-V12_Nom))) -> 8.135169 | AA52: =IF($O52<((V48_Max-V12_Nom)*V12_Nom)/((2*Lm*Fsw)*V48_Max),(X52/(Fsw*Lm))*(V48_Max-V12_Nom),(Z52/2)+$O52) -> 50.067584 | AB52: =IF($O52<((V48_Nom-V12_Min)*V12_Min)/((2*Lm*Fsw)*V48_Nom),SQRT((2*$O52*Lm*Fsw*V12_Min)/(V48_Nom*(V48_Nom-V12_Min))),(V12_Min/V48_Nom)) -> 0.37 | AC52: =IF($O52<((V48_Nom-V12_Min)*V12_Min)/((2*Lm*Fsw)*V48_Nom),SQRT((2*$O52*Lm*Fsw*V12_Min)/(V48_Nom*(V48_Nom-V12_Min)))*((V48_Nom-V12_Min)/(V12_Min)),1-(V12_Min/V48_Nom)) -> 0.63 | AD52: =IF($O52<((V48_Nom-V12_Min)*V12_Min)/((2*Lm*Fsw)*V48_Nom),(AB52/(Fsw*Lm))*(V48_Nom-V12_Min),((AB52/(Fsw*Lm))*(V48_Nom-V12_Min))) -> 6.1994681 | AE52: =IF($O52<((V48_Nom-V12_Min)*V12_Min)/((2*Lm*Fsw)*V48_Nom),(AB52/(Fsw*Lm))*(V48_Nom-V12_Min),(AD52/2)+$O52) -> 49.099734 | AF52: =IF($O52<((V48_Nom-V12_Nom)*V12_Nom)/((2*Lm*Fsw)*V48_Nom),SQRT((2*$O52*Lm*Fsw*V12_Nom)/(V48_Nom*(V48_Nom-V12_Nom))),(V12_Nom/V48_Nom)) -> 0.4 | AG52: =IF($O52<((V48_Nom-V12_Nom)*V12_Nom)/((2*Lm*Fsw)*V48_Nom),SQRT((2*$O52*Lm*Fsw*V12_Nom)/(V48_Nom*(V48_Nom-V12_Nom)))*((V48_Nom-V12_Nom)/(V12_Nom)),1-(V12_Nom/V48_Nom)) -> 0.6 | AH52: =IF($O52<((V48_Nom-V12_Nom)*V12_Nom)/((2*Lm*Fsw)*V48_Nom),(AF52/(Fsw*Lm))*(V48_Nom-V12_Nom),((AF52/(Fsw*Lm))*(V48_Nom-V12_Nom))) -> 6.3829787 | AI52: =IF($O52<((V48_Nom-V12_Nom)*V12_Nom)/((2*Lm*Fsw)*V48_Nom),(AF52/(Fsw*Lm))*(V48_Nom-V12_Nom),(AH52/2)+$O52) -> 49.191489 | AJ52: =IF($O52<((V48_Nom-V12_Max)*V12_Max)/((2*Lm*Fsw)*V48_Nom),SQRT((2*$O52*Lm*Fsw*V12_Max)/(V48_Nom*(V48_Nom-V12_Max))),(V12_Max/V48_Nom)) -> 0.52 | AK52: =IF($O52<((V48_Nom-V12_Max)*V12_Max)/((2*Lm*Fsw)*V48_Nom),SQRT((2*$O52*Lm*Fsw*V12_Max)/(V48_Nom*(V48_Nom-V12_Max)))*((V48_Nom-V12_Max)/(V12_Max)),1-(V12_Max/V48_Nom)) -> 0.48 | AL52: =IF($O52<((V48_Nom-V12_Max)*V12_Max)/((2*Lm*Fsw)*V48_Nom),(AJ52/(Fsw*Lm))*(V48_Nom-V12_Max),((AJ52/(Fsw*Lm))*(V48_Nom-V12_Max))) -> 6.6382979 | AM52: =IF($O52<((V48_Nom-V12_Max)*V12_Max)/((2*Lm*Fsw)*V48_Nom),(AJ52/(Fsw*Lm))*(V48_Nom-V12_Max),(AL52/2)+$O52) -> 49.319149
A53: V48_Nom to V12_Nom (Current Sense Voltage) | B53: =((V48_Nom-V12_Nom)/(2*Lm*Fsw))*((V12_Nom*Rcs)/V48_Nom)*1000 -> 3.1914894 | C53: mV | N53: 0.047 | O53: =N53/Rcs -> 47 | P53: =IF($O53<((V48_Min-V12_Nom)*V12_Nom)/((2*Lm*Fsw)*V48_Min),SQRT((2*$O53*Lm*Fsw*V12_Nom)/(V48_Min*(V48_Min-V12_Nom))),(V12_Nom/V48_Min)) -> 0.66666667 | Q53: =IF($O53<((V48_Min-V12_Nom)*V12_Nom)/((2*Lm*Fsw)*V48_Min),SQRT((2*$O53*Lm*Fsw*V12_Nom)/(V48_Min*(V48_Min-V12_Nom)))*((V48_Min-V12_Nom)/(V12_Nom)),1-(V12_Nom/V48_Min)) -> 0.33333333 | R53: =IF($O53<((V48_Min-V12_Nom)*V12_Nom)/((2*Lm*Fsw)*V48_Min),(P53/(Fsw*Lm))*(V48_Min-V12_Nom),((P53/(Fsw*Lm))*(V48_Min-V12_Nom))) -> 3.5460993 | S53: =IF($O53<((V48_Min-V12_Nom)*V12_Nom)/((2*Lm*Fsw)*V48_Min),(P53/(Fsw*Lm))*(V48_Min-V12_Nom),(R53/2)+$O53) -> 48.77305 | T53: =IF($O53<((V48_Nom-V12_Nom)*V12_Nom)/((2*Lm*Fsw)*V48_Nom),SQRT((2*$O53*Lm*Fsw*V12_Nom)/(V48_Nom*(V48_Nom-V12_Nom))),(V12_Nom/V48_Nom)) -> 0.4 | U53: =IF($O53<((V48_Nom-V12_Nom)*V12_Nom)/((2*Lm*Fsw)*V48_Nom),SQRT((2*$O53*Lm*Fsw*V12_Nom)/(V48_Nom*(V48_Nom-V12_Nom)))*((V48_Nom-V12_Nom)/(V12_Nom)),1-(V12_Nom/V48_Nom)) -> 0.6 | V53: =IF($O53<((V48_Nom-V12_Nom)*V12_Nom)/((2*Lm*Fsw)*V48_Nom),(T53/(Fsw*Lm))*(V48_Nom-V12_Nom),((T53/(Fsw*Lm))*(V48_Nom-V12_Nom))) -> 6.3829787 | W53: =IF($O53<((V48_Nom-V12_Nom)*V12_Nom)/((2*Lm*Fsw)*V48_Nom),(T53/(Fsw*Lm))*(V48_Nom-V12_Nom),(V53/2)+$O53) -> 50.191489 | X53: =IF($O53<((V48_Max-V12_Nom)*V12_Nom)/((2*Lm*Fsw)*V48_Max),SQRT((2*$O53*Lm*Fsw*V12_Nom)/(V48_Max*(V48_Max-V12_Nom))),(V12_Nom/V48_Max)) -> 0.23529412 | Y53: =IF($O53<((V48_Max-V12_Nom)*V12_Nom)/((2*Lm*Fsw)*V48_Max),SQRT((2*$O53*Lm*Fsw*V12_Nom)/(V48_Max*(V48_Max-V12_Nom)))*((V48_Max-V12_Nom)/(V12_Nom)),1-(V12_Nom/V48_Max)) -> 0.76470588 | Z53: =IF($O53<((V48_Max-V12_Nom)*V12_Nom)/((2*Lm*Fsw)*V48_Max),(X53/(Fsw*Lm))*(V48_Max-V12_Nom),((X53/(Fsw*Lm))*(V48_Max-V12_Nom))) -> 8.135169 | AA53: =IF($O53<((V48_Max-V12_Nom)*V12_Nom)/((2*Lm*Fsw)*V48_Max),(X53/(Fsw*Lm))*(V48_Max-V12_Nom),(Z53/2)+$O53) -> 51.067584 | AB53: =IF($O53<((V48_Nom-V12_Min)*V12_Min)/((2*Lm*Fsw)*V48_Nom),SQRT((2*$O53*Lm*Fsw*V12_Min)/(V48_Nom*(V48_Nom-V12_Min))),(V12_Min/V48_Nom)) -> 0.37 | AC53: =IF($O53<((V48_Nom-V12_Min)*V12_Min)/((2*Lm*Fsw)*V48_Nom),SQRT((2*$O53*Lm*Fsw*V12_Min)/(V48_Nom*(V48_Nom-V12_Min)))*((V48_Nom-V12_Min)/(V12_Min)),1-(V12_Min/V48_Nom)) -> 0.63 | AD53: =IF($O53<((V48_Nom-V12_Min)*V12_Min)/((2*Lm*Fsw)*V48_Nom),(AB53/(Fsw*Lm))*(V48_Nom-V12_Min),((AB53/(Fsw*Lm))*(V48_Nom-V12_Min))) -> 6.1994681 | AE53: =IF($O53<((V48_Nom-V12_Min)*V12_Min)/((2*Lm*Fsw)*V48_Nom),(AB53/(Fsw*Lm))*(V48_Nom-V12_Min),(AD53/2)+$O53) -> 50.099734 | AF53: =IF($O53<((V48_Nom-V12_Nom)*V12_Nom)/((2*Lm*Fsw)*V48_Nom),SQRT((2*$O53*Lm*Fsw*V12_Nom)/(V48_Nom*(V48_Nom-V12_Nom))),(V12_Nom/V48_Nom)) -> 0.4 | AG53: =IF($O53<((V48_Nom-V12_Nom)*V12_Nom)/((2*Lm*Fsw)*V48_Nom),SQRT((2*$O53*Lm*Fsw*V12_Nom)/(V48_Nom*(V48_Nom-V12_Nom)))*((V48_Nom-V12_Nom)/(V12_Nom)),1-(V12_Nom/V48_Nom)) -> 0.6 | AH53: =IF($O53<((V48_Nom-V12_Nom)*V12_Nom)/((2*Lm*Fsw)*V48_Nom),(AF53/(Fsw*Lm))*(V48_Nom-V12_Nom),((AF53/(Fsw*Lm))*(V48_Nom-V12_Nom))) -> 6.3829787 | AI53: =IF($O53<((V48_Nom-V12_Nom)*V12_Nom)/((2*Lm*Fsw)*V48_Nom),(AF53/(Fsw*Lm))*(V48_Nom-V12_Nom),(AH53/2)+$O53) -> 50.191489 | AJ53: =IF($O53<((V48_Nom-V12_Max)*V12_Max)/((2*Lm*Fsw)*V48_Nom),SQRT((2*$O53*Lm*Fsw*V12_Max)/(V48_Nom*(V48_Nom-V12_Max))),(V12_Max/V48_Nom)) -> 0.52 | AK53: =IF($O53<((V48_Nom-V12_Max)*V12_Max)/((2*Lm*Fsw)*V48_Nom),SQRT((2*$O53*Lm*Fsw*V12_Max)/(V48_Nom*(V48_Nom-V12_Max)))*((V48_Nom-V12_Max)/(V12_Max)),1-(V12_Max/V48_Nom)) -> 0.48 | AL53: =IF($O53<((V48_Nom-V12_Max)*V12_Max)/((2*Lm*Fsw)*V48_Nom),(AJ53/(Fsw*Lm))*(V48_Nom-V12_Max),((AJ53/(Fsw*Lm))*(V48_Nom-V12_Max))) -> 6.6382979 | AM53: =IF($O53<((V48_Nom-V12_Max)*V12_Max)/((2*Lm*Fsw)*V48_Nom),(AJ53/(Fsw*Lm))*(V48_Nom-V12_Max),(AL53/2)+$O53) -> 50.319149
A54: V48_Nom to V12_Nom (Inductor AVG Current) | B54: =(B53/1000)/Rcs -> 3.1914894 | C54: A | N54: 0.048 | O54: =N54/Rcs -> 48 | P54: =IF($O54<((V48_Min-V12_Nom)*V12_Nom)/((2*Lm*Fsw)*V48_Min),SQRT((2*$O54*Lm*Fsw*V12_Nom)/(V48_Min*(V48_Min-V12_Nom))),(V12_Nom/V48_Min)) -> 0.66666667 | Q54: =IF($O54<((V48_Min-V12_Nom)*V12_Nom)/((2*Lm*Fsw)*V48_Min),SQRT((2*$O54*Lm*Fsw*V12_Nom)/(V48_Min*(V48_Min-V12_Nom)))*((V48_Min-V12_Nom)/(V12_Nom)),1-(V12_Nom/V48_Min)) -> 0.33333333 | R54: =IF($O54<((V48_Min-V12_Nom)*V12_Nom)/((2*Lm*Fsw)*V48_Min),(P54/(Fsw*Lm))*(V48_Min-V12_Nom),((P54/(Fsw*Lm))*(V48_Min-V12_Nom))) -> 3.5460993 | S54: =IF($O54<((V48_Min-V12_Nom)*V12_Nom)/((2*Lm*Fsw)*V48_Min),(P54/(Fsw*Lm))*(V48_Min-V12_Nom),(R54/2)+$O54) -> 49.77305 | T54: =IF($O54<((V48_Nom-V12_Nom)*V12_Nom)/((2*Lm*Fsw)*V48_Nom),SQRT((2*$O54*Lm*Fsw*V12_Nom)/(V48_Nom*(V48_Nom-V12_Nom))),(V12_Nom/V48_Nom)) -> 0.4 | U54: =IF($O54<((V48_Nom-V12_Nom)*V12_Nom)/((2*Lm*Fsw)*V48_Nom),SQRT((2*$O54*Lm*Fsw*V12_Nom)/(V48_Nom*(V48_Nom-V12_Nom)))*((V48_Nom-V12_Nom)/(V12_Nom)),1-(V12_Nom/V48_Nom)) -> 0.6 | V54: =IF($O54<((V48_Nom-V12_Nom)*V12_Nom)/((2*Lm*Fsw)*V48_Nom),(T54/(Fsw*Lm))*(V48_Nom-V12_Nom),((T54/(Fsw*Lm))*(V48_Nom-V12_Nom))) -> 6.3829787 | W54: =IF($O54<((V48_Nom-V12_Nom)*V12_Nom)/((2*Lm*Fsw)*V48_Nom),(T54/(Fsw*Lm))*(V48_Nom-V12_Nom),(V54/2)+$O54) -> 51.191489 | X54: =IF($O54<((V48_Max-V12_Nom)*V12_Nom)/((2*Lm*Fsw)*V48_Max),SQRT((2*$O54*Lm*Fsw*V12_Nom)/(V48_Max*(V48_Max-V12_Nom))),(V12_Nom/V48_Max)) -> 0.23529412 | Y54: =IF($O54<((V48_Max-V12_Nom)*V12_Nom)/((2*Lm*Fsw)*V48_Max),SQRT((2*$O54*Lm*Fsw*V12_Nom)/(V48_Max*(V48_Max-V12_Nom)))*((V48_Max-V12_Nom)/(V12_Nom)),1-(V12_Nom/V48_Max)) -> 0.76470588 | Z54: =IF($O54<((V48_Max-V12_Nom)*V12_Nom)/((2*Lm*Fsw)*V48_Max),(X54/(Fsw*Lm))*(V48_Max-V12_Nom),((X54/(Fsw*Lm))*(V48_Max-V12_Nom))) -> 8.135169 | AA54: =IF($O54<((V48_Max-V12_Nom)*V12_Nom)/((2*Lm*Fsw)*V48_Max),(X54/(Fsw*Lm))*(V48_Max-V12_Nom),(Z54/2)+$O54) -> 52.067584 | AB54: =IF($O54<((V48_Nom-V12_Min)*V12_Min)/((2*Lm*Fsw)*V48_Nom),SQRT((2*$O54*Lm*Fsw*V12_Min)/(V48_Nom*(V48_Nom-V12_Min))),(V12_Min/V48_Nom)) -> 0.37 | AC54: =IF($O54<((V48_Nom-V12_Min)*V12_Min)/((2*Lm*Fsw)*V48_Nom),SQRT((2*$O54*Lm*Fsw*V12_Min)/(V48_Nom*(V48_Nom-V12_Min)))*((V48_Nom-V12_Min)/(V12_Min)),1-(V12_Min/V48_Nom)) -> 0.63 | AD54: =IF($O54<((V48_Nom-V12_Min)*V12_Min)/((2*Lm*Fsw)*V48_Nom),(AB54/(Fsw*Lm))*(V48_Nom-V12_Min),((AB54/(Fsw*Lm))*(V48_Nom-V12_Min))) -> 6.1994681 | AE54: =IF($O54<((V48_Nom-V12_Min)*V12_Min)/((2*Lm*Fsw)*V48_Nom),(AB54/(Fsw*Lm))*(V48_Nom-V12_Min),(AD54/2)+$O54) -> 51.099734 | AF54: =IF($O54<((V48_Nom-V12_Nom)*V12_Nom)/((2*Lm*Fsw)*V48_Nom),SQRT((2*$O54*Lm*Fsw*V12_Nom)/(V48_Nom*(V48_Nom-V12_Nom))),(V12_Nom/V48_Nom)) -> 0.4 | AG54: =IF($O54<((V48_Nom-V12_Nom)*V12_Nom)/((2*Lm*Fsw)*V48_Nom),SQRT((2*$O54*Lm*Fsw*V12_Nom)/(V48_Nom*(V48_Nom-V12_Nom)))*((V48_Nom-V12_Nom)/(V12_Nom)),1-(V12_Nom/V48_Nom)) -> 0.6 | AH54: =IF($O54<((V48_Nom-V12_Nom)*V12_Nom)/((2*Lm*Fsw)*V48_Nom),(AF54/(Fsw*Lm))*(V48_Nom-V12_Nom),((AF54/(Fsw*Lm))*(V48_Nom-V12_Nom))) -> 6.3829787 | AI54: =IF($O54<((V48_Nom-V12_Nom)*V12_Nom)/((2*Lm*Fsw)*V48_Nom),(AF54/(Fsw*Lm))*(V48_Nom-V12_Nom),(AH54/2)+$O54) -> 51.191489 | AJ54: =IF($O54<((V48_Nom-V12_Max)*V12_Max)/((2*Lm*Fsw)*V48_Nom),SQRT((2*$O54*Lm*Fsw*V12_Max)/(V48_Nom*(V48_Nom-V12_Max))),(V12_Max/V48_Nom)) -> 0.52 | AK54: =IF($O54<((V48_Nom-V12_Max)*V12_Max)/((2*Lm*Fsw)*V48_Nom),SQRT((2*$O54*Lm*Fsw*V12_Max)/(V48_Nom*(V48_Nom-V12_Max)))*((V48_Nom-V12_Max)/(V12_Max)),1-(V12_Max/V48_Nom)) -> 0.48 | AL54: =IF($O54<((V48_Nom-V12_Max)*V12_Max)/((2*Lm*Fsw)*V48_Nom),(AJ54/(Fsw*Lm))*(V48_Nom-V12_Max),((AJ54/(Fsw*Lm))*(V48_Nom-V12_Max))) -> 6.6382979 | AM54: =IF($O54<((V48_Nom-V12_Max)*V12_Max)/((2*Lm*Fsw)*V48_Nom),(AJ54/(Fsw*Lm))*(V48_Nom-V12_Max),(AL54/2)+$O54) -> 51.319149
A55: Duty Cycle | B55: =1-(V12_Nom/V48_Nom) -> 0.6 | N55: 0.049 | O55: =N55/Rcs -> 49 | P55: =IF($O55<((V48_Min-V12_Nom)*V12_Nom)/((2*Lm*Fsw)*V48_Min),SQRT((2*$O55*Lm*Fsw*V12_Nom)/(V48_Min*(V48_Min-V12_Nom))),(V12_Nom/V48_Min)) -> 0.66666667 | Q55: =IF($O55<((V48_Min-V12_Nom)*V12_Nom)/((2*Lm*Fsw)*V48_Min),SQRT((2*$O55*Lm*Fsw*V12_Nom)/(V48_Min*(V48_Min-V12_Nom)))*((V48_Min-V12_Nom)/(V12_Nom)),1-(V12_Nom/V48_Min)) -> 0.33333333 | R55: =IF($O55<((V48_Min-V12_Nom)*V12_Nom)/((2*Lm*Fsw)*V48_Min),(P55/(Fsw*Lm))*(V48_Min-V12_Nom),((P55/(Fsw*Lm))*(V48_Min-V12_Nom))) -> 3.5460993 | S55: =IF($O55<((V48_Min-V12_Nom)*V12_Nom)/((2*Lm*Fsw)*V48_Min),(P55/(Fsw*Lm))*(V48_Min-V12_Nom),(R55/2)+$O55) -> 50.77305 | T55: =IF($O55<((V48_Nom-V12_Nom)*V12_Nom)/((2*Lm*Fsw)*V48_Nom),SQRT((2*$O55*Lm*Fsw*V12_Nom)/(V48_Nom*(V48_Nom-V12_Nom))),(V12_Nom/V48_Nom)) -> 0.4 | U55: =IF($O55<((V48_Nom-V12_Nom)*V12_Nom)/((2*Lm*Fsw)*V48_Nom),SQRT((2*$O55*Lm*Fsw*V12_Nom)/(V48_Nom*(V48_Nom-V12_Nom)))*((V48_Nom-V12_Nom)/(V12_Nom)),1-(V12_Nom/V48_Nom)) -> 0.6 | V55: =IF($O55<((V48_Nom-V12_Nom)*V12_Nom)/((2*Lm*Fsw)*V48_Nom),(T55/(Fsw*Lm))*(V48_Nom-V12_Nom),((T55/(Fsw*Lm))*(V48_Nom-V12_Nom))) -> 6.3829787 | W55: =IF($O55<((V48_Nom-V12_Nom)*V12_Nom)/((2*Lm*Fsw)*V48_Nom),(T55/(Fsw*Lm))*(V48_Nom-V12_Nom),(V55/2)+$O55) -> 52.191489 | X55: =IF($O55<((V48_Max-V12_Nom)*V12_Nom)/((2*Lm*Fsw)*V48_Max),SQRT((2*$O55*Lm*Fsw*V12_Nom)/(V48_Max*(V48_Max-V12_Nom))),(V12_Nom/V48_Max)) -> 0.23529412 | Y55: =IF($O55<((V48_Max-V12_Nom)*V12_Nom)/((2*Lm*Fsw)*V48_Max),SQRT((2*$O55*Lm*Fsw*V12_Nom)/(V48_Max*(V48_Max-V12_Nom)))*((V48_Max-V12_Nom)/(V12_Nom)),1-(V12_Nom/V48_Max)) -> 0.76470588 | Z55: =IF($O55<((V48_Max-V12_Nom)*V12_Nom)/((2*Lm*Fsw)*V48_Max),(X55/(Fsw*Lm))*(V48_Max-V12_Nom),((X55/(Fsw*Lm))*(V48_Max-V12_Nom))) -> 8.135169 | AA55: =IF($O55<((V48_Max-V12_Nom)*V12_Nom)/((2*Lm*Fsw)*V48_Max),(X55/(Fsw*Lm))*(V48_Max-V12_Nom),(Z55/2)+$O55) -> 53.067584 | AB55: =IF($O55<((V48_Nom-V12_Min)*V12_Min)/((2*Lm*Fsw)*V48_Nom),SQRT((2*$O55*Lm*Fsw*V12_Min)/(V48_Nom*(V48_Nom-V12_Min))),(V12_Min/V48_Nom)) -> 0.37 | AC55: =IF($O55<((V48_Nom-V12_Min)*V12_Min)/((2*Lm*Fsw)*V48_Nom),SQRT((2*$O55*Lm*Fsw*V12_Min)/(V48_Nom*(V48_Nom-V12_Min)))*((V48_Nom-V12_Min)/(V12_Min)),1-(V12_Min/V48_Nom)) -> 0.63 | AD55: =IF($O55<((V48_Nom-V12_Min)*V12_Min)/((2*Lm*Fsw)*V48_Nom),(AB55/(Fsw*Lm))*(V48_Nom-V12_Min),((AB55/(Fsw*Lm))*(V48_Nom-V12_Min))) -> 6.1994681 | AE55: =IF($O55<((V48_Nom-V12_Min)*V12_Min)/((2*Lm*Fsw)*V48_Nom),(AB55/(Fsw*Lm))*(V48_Nom-V12_Min),(AD55/2)+$O55) -> 52.099734 | AF55: =IF($O55<((V48_Nom-V12_Nom)*V12_Nom)/((2*Lm*Fsw)*V48_Nom),SQRT((2*$O55*Lm*Fsw*V12_Nom)/(V48_Nom*(V48_Nom-V12_Nom))),(V12_Nom/V48_Nom)) -> 0.4 | AG55: =IF($O55<((V48_Nom-V12_Nom)*V12_Nom)/((2*Lm*Fsw)*V48_Nom),SQRT((2*$O55*Lm*Fsw*V12_Nom)/(V48_Nom*(V48_Nom-V12_Nom)))*((V48_Nom-V12_Nom)/(V12_Nom)),1-(V12_Nom/V48_Nom)) -> 0.6 | AH55: =IF($O55<((V48_Nom-V12_Nom)*V12_Nom)/((2*Lm*Fsw)*V48_Nom),(AF55/(Fsw*Lm))*(V48_Nom-V12_Nom),((AF55/(Fsw*Lm))*(V48_Nom-V12_Nom))) -> 6.3829787 | AI55: =IF($O55<((V48_Nom-V12_Nom)*V12_Nom)/((2*Lm*Fsw)*V48_Nom),(AF55/(Fsw*Lm))*(V48_Nom-V12_Nom),(AH55/2)+$O55) -> 52.191489 | AJ55: =IF($O55<((V48_Nom-V12_Max)*V12_Max)/((2*Lm*Fsw)*V48_Nom),SQRT((2*$O55*Lm*Fsw*V12_Max)/(V48_Nom*(V48_Nom-V12_Max))),(V12_Max/V48_Nom)) -> 0.52 | AK55: =IF($O55<((V48_Nom-V12_Max)*V12_Max)/((2*Lm*Fsw)*V48_Nom),SQRT((2*$O55*Lm*Fsw*V12_Max)/(V48_Nom*(V48_Nom-V12_Max)))*((V48_Nom-V12_Max)/(V12_Max)),1-(V12_Max/V48_Nom)) -> 0.48 | AL55: =IF($O55<((V48_Nom-V12_Max)*V12_Max)/((2*Lm*Fsw)*V48_Nom),(AJ55/(Fsw*Lm))*(V48_Nom-V12_Max),((AJ55/(Fsw*Lm))*(V48_Nom-V12_Max))) -> 6.6382979 | AM55: =IF($O55<((V48_Nom-V12_Max)*V12_Max)/((2*Lm*Fsw)*V48_Nom),(AJ55/(Fsw*Lm))*(V48_Nom-V12_Max),(AL55/2)+$O55) -> 52.319149
